date, pm25, pm10, o3, no2, so2
2022/11/1, 50, 5, 36, 8, 
2022/11/2, 21, 8, 36, 16, 
2022/11/3, 26, 16, 44, 11, 
2022/11/4, 49, 22, 38, 12, 
2022/11/5, 52, 18, 29, 12, 
2022/11/6, 55, 14, 27, 17, 
2022/11/7, 46, 13, 31, 15, 
2022/11/8, 47, 19, 38, 16, 
2022/11/9, 56, 19, 37, 17, 
2022/11/10, 50, 13, 31, 15, 
2022/11/11, 39, 13, 28, 14, 
2022/11/12, 43, 29, 49, 13, 
2022/11/13, 77, 28, 44, 14, 
2022/11/14, 64, 27, 40, 16, 
2022/11/15, 59, 25, 41, 13, 
2022/11/16, 60, 22, 37, 13, 
2022/11/17, 54, , , , 
2022/10/1, 28, 15, 29, 8, 
2022/10/2, 39, 12, 23, 11, 
2022/10/3, 34, 16, 41, 10, 
2022/10/4, 50, 23, 40, 13, 
2022/10/5, 56, 18, 40, 12, 
2022/10/6, 40, 14, 38, 11, 
2022/10/7, 36, 18, 41, 12, 
2022/10/8, 51, 27, 51, 11, 
2022/10/9, 59, 22, 42, 11, 
2022/10/10, 45, 29, 49, 16, 1
2022/10/11, 55, 29, 53, 15, 1
2022/10/12, 60, 27, 52, 16, 1
2022/10/13, 56, 29, 53, 15, 
2022/10/14, 55, 30, 60, 15, 1
2022/10/15, 64, 30, 58, 11, 1
2022/10/16, 64, 30, 49, 10, 1
2022/10/17, 61, 31, 52, 9, 
2022/10/18, 74, 25, 45, 14, 1
2022/10/19, 56, 26, 43, 12, 
2022/10/20, 42, 24, 37, 15, 
2022/10/21, 43, 25, 47, 19, 1
2022/10/22, 54, 26, 55, 12, 1
2022/10/23, 62, 35, 51, 13, 
2022/10/24, 65, 31, 45, 11, 
2022/10/25, 49, 24, 40, 13, 
2022/10/26, 39, 19, 41, 14, 
2022/10/27, 33, 27, 56, 15, 1
2022/10/28, 51, 27, 48, 14, 1
2022/10/29, 63, 22, 44, 9, 1
2022/10/30, 59, 30, 44, 9, 1
2022/10/31, 63, 20, 43, 8, 
2022/9/1, 67, 19, 44, 13, 
2022/9/2, 56, 29, 76, 13, 
2022/9/3, 71, 21, 58, 11, 1
2022/9/4, 55, 30, 108, 18, 1
2022/9/5, 69, 33, 80, 19, 1
2022/9/6, 79, 21, 46, 13, 
2022/9/7, 52, 26, 48, 14, 
2022/9/8, 58, 31, 74, 18, 1
2022/9/9, 63, 42, 66, 12, 
2022/9/10, 83, 40, 84, 8, 1
2022/9/11, 87, 46, 129, 17, 2
2022/9/12, 106, 43, 119, 23, 2
2022/9/13, 92, 38, 111, 19, 1
2022/9/14, 82, 30, 100, 20, 2
2022/9/15, 73, 46, 117, 19, 2
2022/9/16, 111, 39, 86, 13, 2
2022/9/17, 94, 34, 64, 14, 2
2022/9/18, 86, 27, 58, 22, 
2022/9/19, 73, 31, 71, 15, 
2022/9/20, 76, 36, 67, 12, 
2022/9/21, 58, 28, 56, 14, 
2022/9/22, 51, 29, 56, 16, 
2022/9/23, 57, 32, 59, 12, 
2022/9/24, 66, 38, 66, 11, 1
2022/9/25, 63, 24, 47, 14, 
2022/9/26, 47, 18, 35, 10, 
2022/9/27, 38, 17, 34, 10, 
2022/9/28, 34, 17, 34, 12, 
2022/9/29, 40, 8, 22, 12, 
2022/9/30, 18, 11, 31, 9, 
2022/8/1, 32, 7, 39, 12, 
2022/8/2, 21, 13, 32, 19, 
2022/8/3, 35, 9, 32, 15, 
2022/8/4, 27, 7, 30, 16, 
2022/8/5, 17, 10, 14, 12, 
2022/8/6, 17, 10, 19, 7, 
2022/8/7, 21, 13, 16, 11, 
2022/8/8, 22, 12, 20, 8, 
2022/8/9, 16, 17, 20, 10, 
2022/8/10, 24, 11, 18, 13, 
2022/8/11, 18, 9, 13, 17, 
2022/8/12, 17, 8, 22, 13, 
2022/8/13, 19, 10, 22, 10, 
2022/8/14, 26, 9, 25, 12, 
2022/8/15, 19, 9, 17, 10, 
2022/8/16, 16, 6, 16, 10, 
2022/8/17, 13, 6, 17, 13, 
2022/8/18, 16, 6, 16, 11, 
2022/8/19, 17, 9, 19, 9, 
2022/8/20, 16, 11, 18, 9, 
2022/8/21, 21, 13, 26, 9, 
2022/8/22, 27, 27, 103, 16, 1
2022/8/23, 53, 22, 54, 14, 
2022/8/24, 54, 16, 29, 8, 
2022/8/25, 25, 15, 15, 11, 
2022/8/26, 29, 16, 38, 11, 
2022/8/27, 34, 24, 66, 14, 1
2022/8/28, 56, 17, 54, 14, 
2022/8/29, 54, 15, 29, 17, 
2022/8/30, 47, 29, 81, 24, 1
2022/8/31, 75, 23, 46, 18, 
2022/7/1, 20, 20, 25, 5, 
2022/7/2, 22, 26, 23, 4, 
2022/7/3, 41, 24, 22, 5, 
2022/7/4, 41, 20, 20, 6, 
2022/7/5, 37, 14, 21, 10, 
2022/7/6, 31, 12, 14, 13, 
2022/7/7, 24, 9, 16, 10, 
2022/7/8, 18, 10, 13, 9, 
2022/7/9, 16, 9, 18, 8, 
2022/7/10, 20, 8, 15, 11, 
2022/7/11, 22, 7, 14, 9, 
2022/7/12, 16, 7, 15, 10, 
2022/7/13, 15, 6, 17, 9, 
2022/7/14, 15, 7, 18, 8, 
2022/7/15, 18, 13, 19, 6, 
2022/7/16, 24, 16, 19, 4, 
2022/7/17, 31, 16, 18, 6, 
2022/7/18, 30, 13, 21, 8, 
2022/7/19, 33, 7, 17, 9, 
2022/7/20, 18, 7, 19, 9, 
2022/7/21, 17, 13, 45, 14, 1
2022/7/22, 30, 10, 37, 9, 1
2022/7/23, 29, 14, 56, 8, 1
2022/7/24, 43, 19, 50, 11, 2
2022/7/25, 56, 12, 32, 9, 
2022/7/26, 42, 6, 29, 8, 
2022/7/27, 22, 13, 52, 10, 
2022/7/28, 38, 22, 49, 11, 1
2022/7/29, 58, 27, 44, 25, 
2022/7/30, 70, 33, 87, 16, 1
2022/7/31, 84, 10, 27, 10, 
2022/6/1, 32, 11, 18, 8, 
2022/6/2, 24, 18, 22, 6, 
2022/6/3, 37, 19, 19, 8, 
2022/6/4, 31, 17, 25, 6, 
2022/6/5, 32, 16, 23, 8, 
2022/6/6, 29, 12, 23, 11, 
2022/6/7, 24, 10, 13, 18, 
2022/6/8, 20, 10, 19, 14, 
2022/6/9, 17, 8, 21, 12, 
2022/6/10, 18, 12, 18, 14, 
2022/6/11, 24, 17, 23, 8, 
2022/6/12, 32, 14, 21, 7, 
2022/6/13, 28, 15, 20, 12, 
2022/6/14, 29, 10, 18, 15, 
2022/6/15, 23, 11, 17, 12, 
2022/6/16, 18, 9, 15, 6, 
2022/6/17, 17, 10, 14, 6, 
2022/6/18, 14, 16, 20, 6, 
2022/6/19, 26, 17, 17, 7, 
2022/6/20, 25, 14, 17, 6, 
2022/6/21, 21, 10, 16, 7, 
2022/6/22, 14, 7, 24, 8, 
2022/6/23, 12, 9, 23, 10, 
2022/6/24, 22, 7, 19, 8, 
2022/6/25, 21, 4, 20, 7, 
2022/6/26, 11, 4, 15, 8, 
2022/6/27, 13, 6, 17, 12, 
2022/6/28, 19, 8, 16, 11, 
2022/6/29, 16, 10, 14, 11, 
2022/6/30, 17, 12, 25, 5, 
2022/5/1, 37, 6, 27, 9, 
2022/5/2, 13, 20, 48, 15, 
2022/5/3, 47, 29, 45, 14, 
2022/5/4, 45, 29, 47, 14, 
2022/5/5, 53, 22, 44, 14, 
2022/5/6, 52, 22, 44, 16, 
2022/5/7, 49, 24, 54, 11, 
2022/5/8, 58, 25, 45, 9, 
2022/5/9, 64, 19, 29, 15, 
2022/5/10, 39, 10, 15, 13, 
2022/5/11, 21, 8, 14, 12, 
2022/5/12, 24, 8, 18, 12, 
2022/5/13, 19, 6, 34, 15, 
2022/5/14, 17, 6, 39, 9, 
2022/5/15, 13, 7, 27, 14, 
2022/5/16, 14, 13, 53, 13, 
2022/5/17, 36, 26, 55, 16, 
2022/5/18, 48, 27, 47, 17, 
2022/5/19, 46, 25, 39, 16, 
2022/5/20, 58, 23, 44, 17, 
2022/5/21, 56, 27, 44, 9, 
2022/5/22, 57, 19, 39, 14, 
2022/5/23, 46, 10, 35, 15, 
2022/5/24, 35, 11, 26, 17, 
2022/5/25, 29, 14, 22, 19, 
2022/5/26, 42, 17, 22, 11, 
2022/5/27, 35, 14, 20, 9, 
2022/5/28, 29, 12, 21, 7, 
2022/5/29, 25, 11, 19, 13, 
2022/5/30, 24, 12, 18, 13, 
2022/5/31, 28, 16, 19, 10, 
2022/4/1, 44, 8, 34, 9, 
2022/4/2, 21, 19, 48, 9, 
2022/4/3, 43, 46, 56, 14, 
2022/4/4, 58, 39, 55, 13, 
2022/4/5, 59, 32, 44, 17, 
2022/4/6, 55, 25, 40, 14, 
2022/4/7, 49, 33, 56, 18, 
2022/4/8, 60, 29, 49, 13, 
2022/4/9, 49, 30, 46, 11, 
2022/4/10, 59, 24, 31, 18, 
2022/4/11, 57, 19, 22, 16, 
2022/4/12, 44, 16, 19, 12, 
2022/4/13, 35, 30, 76, 22, 
2022/4/14, 61, 23, 47, 9, 
2022/4/15, 46, 36, 48, 8, 
2022/4/16, 52, 40, 55, 8, 
2022/4/17, 69, 36, 54, 14, 
2022/4/18, 71, 14, 13, 20, 
2022/4/19, 37, 23, 48, 16, 
2022/4/20, 54, 33, 48, 18, 
2022/4/21, 83, 24, 34, 18, 
2022/4/22, 60, 17, 20, 13, 
2022/4/23, 49, 12, 21, 9, 
2022/4/24, 36, 13, 17, 10, 
2022/4/25, 40, 13, 18, 8, 
2022/4/26, 43, 14, 16, 10, 
2022/4/27, 44, 15, 18, 12, 
2022/4/28, 46, 18, 23, 12, 
2022/4/29, 50, 21, 34, 14, 
2022/4/30, 43, 18, 39, 8, 
2022/3/1, 59, 36, 57, 26, 
2022/3/2, 82, 41, 58, 14, 
2022/3/3, 92, 35, 51, 25, 
2022/3/4, 78, 31, 45, 33, 1
2022/3/5, 78, 42, 59, 9, 
2022/3/6, 72, 31, 41, 14, 
2022/3/7, 50, 18, 45, 12, 
2022/3/8, 35, 24, 42, 15, 
2022/3/9, 32, 27, 44, 15, 
2022/3/10, 46, 27, 37, 18, 
2022/3/11, 44, 27, 41, 16, 
2022/3/12, 55, 29, 42, 11, 
2022/3/13, 51, 24, 23, 21, 
2022/3/14, 49, 18, 23, 18, 
2022/3/15, 42, 27, 35, 16, 
2022/3/16, 63, 23, 22, 18, 
2022/3/17, 47, 35, 46, 30, 1
2022/3/18, 78, 35, 43, 17, 
2022/3/19, 84, 25, 40, 10, 
2022/3/20, 63, 37, 33, 17, 
2022/3/21, 79, 21, 29, 19, 
2022/3/22, 66, 10, 28, 15, 
2022/3/23, 26, 8, 35, 13, 
2022/3/24, 20, 11, 36, 12, 
2022/3/25, 31, 16, 17, 6, 
2022/3/26, 50, 26, 23, 15, 
2022/3/27, 56, 9, 19, 13, 
2022/3/28, 24, 11, 31, 13, 
2022/3/29, 34, 20, 38, 16, 
2022/3/30, 53, 15, 41, 16, 
2022/3/31, 36, 23, 41, 11, 
2022/2/1, 46, 7, 20, 10, 
2022/2/2, 23, 6, 10, 13, 
2022/2/3, 19, 9, 25, 12, 
2022/2/4, 23, 14, 25, 11, 
2022/2/5, 42, 27, 42, 9, 
2022/2/6, 64, 25, 38, 19, 
2022/2/7, 52, 14, 20, 17, 
2022/2/8, 32, 22, 26, 18, 
2022/2/9, 44, 25, 31, 20, 
2022/2/10, 60, 14, 31, 16, 
2022/2/11, 30, 19, 30, 17, 
2022/2/12, 51, 26, 35, 14, 
2022/2/13, 65, 10, 30, 16, 
2022/2/14, 26, 23, 39, 16, 
2022/2/15, 51, 39, 45, 14, 
2022/2/16, 72, 27, 41, 13, 
2022/2/17, 57, 20, 37, 13, 
2022/2/18, 37, 8, 31, 13, 
2022/2/19, 14, 3, 19, 9, 
2022/2/20, 8, 4, 20, 19, 
2022/2/21, 10, 4, 17, 21, 
2022/2/22, 13, 10, 25, 14, 
2022/2/23, 22, 13, 25, 17, 
2022/2/24, 39, 18, 32, 18, 
2022/2/25, 48, 27, 38, 23, 
2022/2/26, 57, 35, 46, 22, 
2022/2/27, 79, 29, 47, 18, 
2022/2/28, 63, 24, 36, 25, 1
2022/1/3, 70, 41, 41, 20, 
2022/1/4, 81, 18, 36, 23, 
2022/1/5, 50, 33, 46, 20, 
2022/1/6, 78, 44, 35, 18, 
2022/1/7, 87, 34, 38, 18, 
2022/1/8, 76, 36, 42, 13, 
2022/1/9, 73, 33, 33, 18, 
2022/1/10, 75, 27, 26, 19, 
2022/1/11, 57, 36, 43, 18, 
2022/1/12, 75, 41, 31, 18, 
2022/1/13, 84, 53, 37, 18, 
2022/1/14, 113, 46, 41, 18, 
2022/1/15, 98, 38, 44, 15, 
2022/1/16, 88, 36, 43, 18, 
2022/1/17, 81, 32, 26, 20, 
2022/1/18, 77, 20, 25, 21, 
2022/1/19, 49, 26, 35, 18, 
2022/1/20, 57, 30, 33, 16, 
2022/1/21, 57, 9, 26, 17, 
2022/1/22, 17, 11, 23, 17, 
2022/1/23, 33, 18, 26, 24, 
2022/1/24, 49, 20, 32, 17, 
2022/1/25, 42, 30, 38, 18, 
2022/1/26, 68, 24, 34, 21, 
2022/1/27, 65, 23, 39, 15, 
2022/1/28, 55, 22, 32, 17, 
2022/1/29, 46, 12, 28, 11, 
2022/1/30, 36, 17, 23, 11, 
2022/1/31, 43, 15, 20, 11, 
2021/10/1, 88, 21, 34, 12, 
2021/10/2, 60, 17, 44, 10, 
2021/10/3, 41, 27, 42, 13, 
2021/10/4, 51, 32, 38, 13, 
2021/10/5, 45, 36, 33, 13, 
2021/10/6, 46, 24, 26, 10, 
2021/10/7, 35, 10, 20, 10, 
2021/10/8, 12, 18, 31, 4, 
2021/10/9, 20, 25, 29, 10, 
2021/10/10, 39, 28, 40, 18, 
2021/10/11, 59, 21, 24, 9, 
2021/10/12, 40, 16, 25, 5, 
2021/10/13, 29, 18, 28, 12, 
2021/10/14, 38, 16, 18, 16, 
2021/10/15, 41, 21, 32, 13, 
2021/10/16, 44, 16, 32, 8, 
2021/10/17, 33, 22, 34, 17, 
2021/10/18, 49, 29, 45, 18, 
2021/10/19, 62, 25, 40, 17, 
2021/10/20, 53, 20, 25, 21, 
2021/10/21, 38, 14, 16, 18, 
2021/10/22, 28, 24, 17, 19, 
2021/10/23, 55, 18, 33, 12, 
2021/10/24, 44, 19, 36, 14, 
2021/10/25, 40, 24, 42, 17, 
2021/10/26, 52, 34, 41, 17, 
2021/10/27, 56, 29, 45, 16, 
2021/10/28, 53, 37, 50, 15, 
2021/10/29, 77, 37, 45, 16, 
2021/10/30, 77, 41, 63, 13, 
2021/10/31, 86, 40, 64, 16, 
2021/11/1, 81, 30, 48, 14, 
2021/11/2, 58, 39, 48, 16, 
2021/11/3, 73, 33, 45, 17, 
2021/11/4, 67, 31, 37, 18, 
2021/11/5, 64, 18, 25, 21, 
2021/11/6, 51, 20, 39, 19, 
2021/11/7, 50, 23, 26, 13, 
2021/11/8, 32, 25, 27, 19, 
2021/11/9, 37, 22, 36, 17, 
2021/11/10, 37, 22, 35, 20, 
2021/11/11, 44, 28, 41, 21, 1
2021/11/12, 54, 34, 48, 18, 1
2021/11/13, 61, 28, 43, 15, 1
2021/11/14, 62, 31, 43, 17, 
2021/11/15, 61, 37, 40, 20, 1
2021/11/16, 69, 42, 40, 19, 
2021/11/17, 80, 27, 34, 21, 
2021/11/18, 58, 32, 41, 19, 
2021/11/19, 71, 25, 39, 14, 
2021/11/20, 50, 35, 41, 14, 
2021/11/21, 60, 22, 19, 20, 
2021/11/22, 45, 32, 25, 20, 
2021/11/23, 60, 35, 30, 18, 
2021/11/24, 62, 35, 33, 25, 
2021/11/25, 67, 36, 43, 24, 1
2021/11/26, 70, 34, 44, 18, 1
2021/11/27, 61, 37, 44, 17, 1
2021/11/28, 68, 28, 33, 28, 
2021/11/29, 61, 39, 41, 20, 
2021/11/30, 71, 33, 34, 15, 
2021/12/1, 52, 37, 32, 19, 1
2021/12/2, 52, 32, 33, 18, 1
2021/12/3, 45, 28, 40, 19, 1
2021/12/4, 47, 44, 50, 16, 1
2021/12/5, 68, 34, 42, 21, 1
2021/12/6, 63, 29, 56, 18, 
2021/12/7, 50, 38, 50, 15, 
2021/12/8, 57, 38, 41, 19, 
2021/12/9, 57, 34, 41, 17, 
2021/12/10, 58, 36, 43, 17, 
2021/12/11, 59, 34, 48, 16, 
2021/12/12, 69, 60, 39, 18, 
2021/12/13, 132, 46, 52, 20, 
2021/12/14, 97, 26, 39, 19, 
2021/12/15, 56, 27, 31, 19, 
2021/12/16, 48, 25, 27, 15, 
2021/12/17, 51, 43, 35, 13, 
2021/12/18, 89, 43, 38, 13, 1
2021/12/19, 79, 28, 40, 17, 
2021/12/20, 58, 7, 22, 19, 
2021/12/21, 19, 12, 23, 22, 
2021/12/22, 29, 22, 35, 19, 
2021/12/23, 49, 44, 35, 37, 
2021/12/24, 97, 33, 39, 16, 
2021/12/25, 80, 42, 18, 11, 
2021/12/26, 109, 16, 15, 12, 
2021/12/27, 52, 35, 14, 24, 
2021/12/28, 82, 47, 16, 37, 
2021/12/29, 99, 33, 36, 24, 
2021/12/30, 69, 49, 46, 16, 
2021/12/31, 94, 54, 42, 15, 1
2022/1/1, 101, 49, 42, 19, 1
2022/1/2, 109, 35, 40, 19, 
2021/7/1, 44, 23, 25, 10, 
2021/7/2, 46, 19, 23, 8, 
2021/7/3, 44, 16, 25, 10, 
2021/7/4, 40, 13, 15, 11, 
2021/7/5, 25, 14, 11, 16, 
2021/7/6, 25, 13, 18, 17, 
2021/7/7, 22, 10, 16, 11, 
2021/7/8, 22, 9, 18, 12, 
2021/7/9, 26, 9, 16, 10, 
2021/7/10, 22, 9, 15, 8, 
2021/7/11, 16, 9, 16, 10, 
2021/7/12, 16, 8, 17, 11, 
2021/7/13, 16, 9, 20, 13, 
2021/7/14, 24, 8, 14, 9, 
2021/7/15, 13, 10, 23, 15, 
2021/7/16, 21, 8, 17, 11, 
2021/7/17, 19, 9, 17, 10, 
2021/7/18, 18, 9, 18, 10, 
2021/7/19, 15, 12, 23, 16, 
2021/7/20, 17, 14, 24, 17, 
2021/7/21, 21, 26, 20, 14, 
2021/7/22, 40, 31, 107, 19, 1
2021/7/23, 58, 30, 64, 23, 
2021/7/24, 68, 24, 56, 12, 1
2021/7/25, 57, 19, 36, 12, 
2021/7/26, 36, 34, 73, 15, 1
2021/7/27, 73, 26, 36, 14, 
2021/7/28, 58, 18, 30, 13, 
2021/7/29, 35, 14, 25, 13, 
2021/7/30, 26, 17, 26, 10, 
2021/7/31, 29, 16, 32, 9, 
2021/8/1, 32, 18, 33, 13, 
2021/8/2, 42, 14, 23, 13, 
2021/8/3, 23, 20, 32, 18, 
2021/8/4, 39, 17, 39, 15, 
2021/8/5, 48, 22, 34, 15, 
2021/8/6, 61, 22, 31, 17, 1
2021/8/7, 61, 18, 27, 11, 
2021/8/8, 50, 22, 20, 12, 
2021/8/9, 44, 20, 20, 11, 
2021/8/10, 36, 17, 18, 11, 
2021/8/11, 36, 12, 17, 11, 
2021/8/12, 26, 10, 17, 13, 
2021/8/13, 24, 10, 19, 10, 
2021/8/14, 21, 9, 14, 12, 
2021/8/15, 20, 10, 16, 14, 
2021/8/16, 18, 12, 18, 13, 
2021/8/17, 28, 11, 23, 15, 
2021/8/18, 27, 12, 23, 16, 
2021/8/19, 32, 8, 18, 13, 
2021/8/20, 21, 7, 20, 10, 
2021/8/21, 19, 6, 17, 7, 
2021/8/22, 14, 6, 15, 9, 
2021/8/23, 16, 7, 14, 10, 
2021/8/24, 14, 7, 13, 14, 
2021/8/25, 12, 7, 16, 13, 
2021/8/26, 18, 10, 9, 16, 
2021/8/27, 22, 10, 14, 15, 
2021/8/28, 19, 15, 27, 13, 
2021/8/29, 38, 15, 26, 15, 
2021/8/30, 36, 15, 18, 16, 
2021/8/31, 38, 11, 13, 11, 
2021/9/1, 19, 9, 15, 13, 
2021/9/2, 17, 6, 19, 13, 
2021/9/3, 17, 6, 14, 15, 
2021/9/4, 16, 5, 18, 12, 
2021/9/5, 13, 12, 26, 15, 
2021/9/6, 26, 13, 21, 13, 
2021/9/7, 31, 12, 16, 13, 
2021/9/8, 25, 22, 41, 20, 
2021/9/9, 45, 20, 27, 17, 
2021/9/10, 39, 20, 58, 16, 
2021/9/11, 44, 30, 96, 13, 1
2021/9/12, 71, 18, 33, 11, 
2021/9/13, 46, 9, 17, 15, 
2021/9/14, 22, 16, 61, 19, 1
2021/9/15, 36, 23, 30, 26, 1
2021/9/16, 50, 30, 74, 28, 1
2021/9/17, 74, 22, 44, 15, 
2021/9/18, 59, 12, 23, 10, 
2021/9/19, 23, 9, 15, 12, 
2021/9/20, 15, 10, 20, 13, 
2021/9/21, 19, 6, 23, 10, 
2021/9/22, 15, 13, 14, 12, 
2021/9/23, 17, 16, 26, 13, 
2021/9/24, 27, 24, 39, 12, 
2021/9/25, 46, 30, 46, 11, 
2021/9/26, 56, 31, 44, 15, 
2021/9/27, 63, 31, 50, 13, 
2021/9/28, 68, 30, 58, 14, 1
2021/9/29, 73, 35, 55, 16, 1
2021/9/30, 86, 35, 49, 9, 
2021/4/1, 37, 14, 24, 10, 
2021/4/2, 42, 13, 17, 14, 1
2021/4/3, 38, 21, 40, 14, 
2021/4/4, 55, 34, 47, 11, 
2021/4/5, 71, 47, 66, 12, 
2021/4/6, 86, 32, 49, 14, 
2021/4/7, 56, 30, 49, 16, 
2021/4/8, 51, 30, 41, 15, 
2021/4/9, 64, 39, 53, 13, 
2021/4/10, 64, 28, 51, 11, 
2021/4/11, 52, 20, 36, 16, 
2021/4/12, 44, 17, 32, 13, 
2021/4/13, 46, 39, 40, 17, 
2021/4/14, 72, 23, 40, 16, 
2021/4/15, 47, 27, 39, 18, 
2021/4/16, 56, 28, 54, 19, 
2021/4/17, 68, 77, 77, 11, 
2021/4/18, 97, 67, 62, 13, 
2021/4/19, 76, 43, 50, 15, 
2021/4/20, 56, 45, 45, 15, 
2021/4/21, 58, 42, 41, 16, 
2021/4/22, 59, 40, 59, 21, 1
2021/4/23, 73, 25, 41, 17, 
2021/4/24, 54, 24, 39, 13, 
2021/4/25, 52, 27, 35, 14, 
2021/4/26, 45, 22, 33, 17, 
2021/4/27, 47, 33, 30, 18, 
2021/4/28, 65, 14, 33, 23, 
2021/4/29, 33, 16, 54, 15, 
2021/4/30, 40, 17, 71, 14, 1
2021/5/1, 49, 22, 45, 15, 
2021/5/2, 63, 28, 38, 16, 
2021/5/3, 50, 29, 29, 13, 
2021/5/4, 44, 17, 64, 24, 
2021/5/5, 46, 45, 47, 16, 
2021/5/6, 66, 25, 40, 16, 
2021/5/7, 56, 19, 25, 14, 
2021/5/8, 48, 15, 28, 9, 
2021/5/9, 43, 9, 21, 8, 
2021/5/10, 21, 10, 20, 7, 
2021/5/11, 26, 12, 19, 7, 
2021/5/12, 35, 12, 17, 9, 
2021/5/13, 36, 12, 19, 10, 
2021/5/14, 42, 12, 24, 9, 
2021/5/15, 35, 11, 22, 7, 
2021/5/16, 31, 10, 19, 8, 
2021/5/17, 30, 11, 21, 8, 
2021/5/18, 31, 12, 23, 6, 
2021/5/19, 35, 11, 20, 8, 
2021/5/20, 29, 10, 16, 8, 
2021/5/21, 21, 9, 18, 8, 
2021/5/22, 28, 6, 19, 8, 
2021/5/23, 14, 8, 18, 11, 
2021/5/24, 16, 10, 16, 15, 
2021/5/25, 20, 8, 16, 10, 
2021/5/26, 20, 7, 19, 7, 
2021/5/27, 16, 8, 18, 7, 
2021/5/28, 16, 10, 19, 8, 
2021/5/29, 18, 15, 25, 6, 
2021/5/30, 27, 16, 25, 8, 
2021/5/31, 38, 8, 17, 18, 
2021/6/1, 17, 12, 18, 16, 
2021/6/2, 23, 12, 19, 10, 
2021/6/3, 30, 15, 17, 19, 
2021/6/4, 38, 27, 63, 23, 1
2021/6/5, 60, 42, 103, 14, 2
2021/6/6, 94, 17, 45, 14, 
2021/6/7, 40, 18, 39, 16, 
2021/6/8, 40, 10, 23, 16, 
2021/6/9, 20, 10, 18, 13, 
2021/6/10, 20, 12, 18, 11, 
2021/6/11, 21, 14, 20, 13, 
2021/6/12, 19, 15, 18, 11, 
2021/6/13, 20, 12, 24, 8, 
2021/6/14, 21, 15, 20, 9, 
2021/6/15, 32, 20, 21, 9, 
2021/6/16, 38, 18, 23, 8, 
2021/6/17, 32, 17, 22, 8, 
2021/6/18, 35, 19, 25, 8, 
2021/6/19, 39, 20, 28, 7, 
2021/6/20, 43, 24, 29, 8, 
2021/6/21, 50, 17, 29, 17, 
2021/6/22, 38, 11, 21, 20, 
2021/6/23, 28, 11, 31, 22, 
2021/6/24, 29, 12, 27, 16, 
2021/6/25, 32, 17, 22, 16, 
2021/6/26, 37, 24, 27, 7, 
2021/6/27, 51, 19, 25, 16, 
2021/6/28, 40, 24, 25, 8, 
2021/6/29, 47, 24, 25, 8, 
2021/6/30, 45, 22, 25, 7, 
2021/1/4, 78, 46, 34, 27, 2
2021/1/5, 87, 41, 32, 16, 1
2021/1/6, 80, 50, 27, 13, 1
2021/1/7, 108, 41, 13, 13, 
2021/1/8, 73, 37, 19, 15, 1
2021/1/9, 52, 37, 22, 13, 2
2021/1/10, 57, 38, 16, 12, 3
2021/1/11, 63, 49, 20, 27, 1
2021/1/12, 72, 40, 22, 24, 1
2021/1/13, 63, 42, 34, 27, 1
2021/1/14, 76, 38, 40, 28, 1
2021/1/15, 65, 36, 40, 17, 
2021/1/16, 69, 80, 44, 7, 1
2021/1/17, 130, 68, 37, 15, 1
2021/1/18, 108, 51, 40, 18, 
2021/1/19, 77, 39, 36, 14, 
2021/1/20, 59, 32, 35, 22, 
2021/1/21, 63, 58, 26, 48, 1
2021/1/22, 124, 41, 31, 35, 
2021/1/23, 89, 33, 44, 15, 
2021/1/24, 80, 37, 39, 23, 
2021/1/25, 79, 39, 41, 29, 
2021/1/26, 85, 45, 40, 22, 
2021/1/27, 93, 40, 46, 18, 
2021/1/28, 85, 33, 45, 13, 
2021/1/29, 62, 60, 42, 13, 
2021/1/30, 82, 33, 40, 13, 
2021/1/31, 56, 26, 36, 19, 
2021/2/1, 44, 32, 45, 20, 
2021/2/2, 61, 46, 43, 12, 
2021/2/3, 71, 46, 41, 15, 
2021/2/4, 65, 36, 37, 15, 
2021/2/5, 60, 29, 34, 29, 
2021/2/6, 66, 37, 45, 29, 
2021/2/7, 83, 35, 43, 12, 
2021/2/8, 76, 49, 44, 9, 
2021/2/9, 80, 18, 29, 16, 
2021/2/10, 28, 8, 21, 15, 
2021/2/11, 23, 14, 29, 12, 
2021/2/12, 46, 17, 32, 13, 
2021/2/13, 51, 20, 42, 12, 
2021/2/14, 51, 25, 37, 19, 
2021/2/15, 69, 30, 35, 16, 
2021/2/16, 67, 23, 36, 18, 
2021/2/17, 59, 45, 43, 12, 
2021/2/18, 82, 37, 42, 15, 
2021/2/19, 64, 36, 49, 19, 
2021/2/20, 74, 30, 50, 19, 
2021/2/21, 73, 23, 35, 24, 
2021/2/22, 61, 26, 39, 22, 
2021/2/23, 60, 34, 38, 12, 
2021/2/24, 59, 28, 35, 17, 
2021/2/25, 58, 22, 20, 23, 
2021/2/26, 57, 20, 10, 17, 
2021/2/27, 55, 22, 35, 11, 
2021/2/28, 45, 22, 31, 21, 
2021/3/1, 48, 25, 30, 20, 
2021/3/2, 50, 33, 31, 11, 
2021/3/3, 51, 41, 41, 17, 
2021/3/4, 67, 41, 29, 20, 
2021/3/5, 93, 33, 31, 21, 
2021/3/6, 75, 14, 29, 13, 
2021/3/7, 33, 22, 37, 14, 
2021/3/8, 53, 36, 39, 16, 
2021/3/9, 65, 32, 41, 15, 
2021/3/10, 62, 30, 42, 18, 
2021/3/11, 56, 24, 30, 23, 
2021/3/12, 59, 30, 50, 17, 
2021/3/13, 65, 38, 51, 14, 
2021/3/14, 75, 27, 39, 18, 
2021/3/15, 57, 29, 34, 19, 
2021/3/16, 65, 21, 27, 18, 
2021/3/17, 58, 24, 26, 16, 
2021/3/18, 59, 17, 26, 16, 
2021/3/19, 49, 19, 28, 18, 
2021/3/20, 53, 36, 29, 20, 
2021/3/21, 70, 32, 31, 12, 
2021/3/22, 60, 61, 39, 14, 1
2021/3/23, 83, 62, 41, 26, 
2021/3/24, 100, 52, 47, 23, 
2021/3/25, 90, 30, 42, 14, 
2021/3/26, 48, 30, 34, 18, 
2021/3/27, 55, 21, 24, 20, 1
2021/3/28, 51, 13, 18, 9, 
2021/3/29, 33, 13, 21, 7, 
2021/3/30, 34, 12, 18, 9, 
2021/3/31, 30, 11, 19, 9, 
2020/10/1, 49, 30, 44, 11, 1
2020/10/2, 60, 26, 36, 15, 
2020/10/3, 55, 25, 49, 11, 1
2020/10/4, 60, 25, 33, 15, 
2020/10/5, 55, 31, 25, 13, 
2020/10/6, 62, 27, 19, 12, 
2020/10/7, 59, 26, 28, 12, 
2020/10/8, 59, 35, 44, 13, 1
2020/10/9, 69, 40, 43, 15, 1
2020/10/10, 75, 39, 66, 11, 1
2020/10/11, 65, 30, 39, 14, 1
2020/10/12, 56, 22, 31, 4, 
2020/10/13, 48, 32, 34, 14, 
2020/10/14, 49, 35, 43, 21, 
2020/10/15, 52, 36, 37, 21, 1
2020/10/16, 61, 32, 33, 17, 
2020/10/17, 64, 28, 47, 14, 1
2020/10/18, 60, 34, 37, 15, 1
2020/10/19, 68, 32, 43, 16, 1
2020/10/20, 67, 35, 40, 16, 1
2020/10/21, 74, 36, 30, 15, 1
2020/10/22, 67, 40, 27, 15, 1
2020/10/23, 64, 55, 62, 16, 2
2020/10/24, 76, 52, 48, 11, 1
2020/10/25, 70, 39, 57, 9, 1
2020/10/26, 55, 32, 35, 19, 1
2020/10/27, 47, 29, 25, 15, 1
2020/10/28, 51, 32, 22, 15, 1
2020/10/29, 64, 41, 51, 16, 1
2020/10/30, 84, 44, 44, 16, 1
2020/10/31, 67, 40, 56, 14, 1
2020/11/1, 62, 43, 50, 16, 2
2020/11/2, 86, 40, 55, 16, 1
2020/11/3, 85, 52, 53, 15, 1
2020/11/4, 85, 37, 32, 16, 1
2020/11/5, 54, 48, 84, 30, 2
2020/11/6, 85, 43, 43, 23, 2
2020/11/7, 85, 53, 58, 13, 3
2020/11/8, 96, 59, 54, 17, 2
2020/11/9, 89, 62, 42, 26, 2
2020/11/10, 85, 50, 45, 19, 1
2020/11/11, 68, 43, 34, 19, 1
2020/11/12, 58, 34, 25, 20, 1
2020/11/13, 60, 39, 18, 22, 1
2020/11/14, 72, 29, 28, 14, 1
2020/11/15, 64, 32, 31, 17, 1
2020/11/16, 65, 27, 21, 19, 
2020/11/17, 44, 24, 19, 19, 
2020/11/18, 38, 16, 11, 21, 
2020/11/19, 41, 13, 13, 19, 
2020/11/20, 37, 22, 29, 18, 
2020/11/21, 50, 20, 32, 16, 
2020/11/22, 49, 26, 24, 15, 
2020/11/23, 48, 38, 29, 16, 1
2020/11/24, 69, 34, 35, 18, 
2020/11/25, 67, 35, 44, 21, 1
2020/11/26, 66, 33, 26, 22, 
2020/11/27, 67, 32, 32, 17, 
2020/11/28, 65, 29, 37, 13, 1
2020/11/29, 59, 32, 30, 18, 1
2020/11/30, 61, 28, 31, 18, 1
2020/12/1, 60, 31, 31, 17, 1
2020/12/2, 67, 36, 22, 15, 
2020/12/3, 75, 33, 24, 15, 1
2020/12/4, 73, 38, 29, 19, 1
2020/12/5, 81, 38, 41, 18, 1
2020/12/6, 81, 47, 31, 30, 2
2020/12/7, 98, 51, 27, 22, 2
2020/12/8, 102, 44, 22, 19, 1
2020/12/9, 96, 38, 27, 24, 1
2020/12/10, 88, 28, 32, 19, 1
2020/12/11, 57, 38, 38, 21, 
2020/12/12, 88, 29, 37, 15, 
2020/12/13, 73, 38, 42, 18, 
2020/12/14, 80, 16, 11, 17, 
2020/12/15, 35, 26, 8, 21, 
2020/12/16, 57, 27, 10, 22, 
2020/12/17, 62, 35, 15, 24, 
2020/12/18, 58, 33, 18, 19, 
2020/12/19, 62, 38, 30, 14, 1
2020/12/20, 77, 46, 31, 19, 1
2020/12/21, 91, 40, 26, 20, 1
2020/12/22, 83, 30, 27, 21, 
2020/12/23, 64, 32, 21, 29, 
2020/12/24, 78, 44, 51, 14, 
2020/12/25, 85, 43, 39, 14, 
2020/12/26, 64, 34, 44, 22, 1
2020/12/27, 63, 32, 38, 20, 1
2020/12/28, 64, 39, 28, 28, 
2020/12/29, 77, 55, 33, 16, 1
2020/12/30, 70, 35, 23, 14, 1
2020/12/31, 53, 30, 25, 15, 1
2021/1/1, 55, 31, 35, 17, 1
2021/1/2, 59, 37, 44, 17, 1
2021/1/3, 70, 44, 34, 21, 2
2020/7/1, 20, 8, 16, 9, 
2020/7/2, 17, 10, 13, 10, 
2020/7/3, 18, 11, 13, 9, 
2020/7/4, 18, 9, 17, 6, 
2020/7/5, 19, 8, 12, 7, 
2020/7/6, 15, 12, 11, 7, 
2020/7/7, 17, 13, 9, 5, 
2020/7/8, 21, 16, 12, 5, 
2020/7/9, 26, 16, 7, 5, 
2020/7/10, 24, 14, 10, 5, 
2020/7/11, 22, 9, 11, 5, 
2020/7/12, 20, 8, 11, 9, 1
2020/7/13, 15, 8, 20, 11, 1
2020/7/14, 15, 7, 12, 8, 
2020/7/15, 18, 9, 10, 7, 
2020/7/16, 14, 9, 9, 6, 
2020/7/17, 21, 7, 10, 7, 
2020/7/18, 15, 7, 12, 6, 
2020/7/19, 18, 7, 11, 8, 
2020/7/20, 16, 7, 8, 14, 1
2020/7/21, 19, 9, 10, 12, 
2020/7/22, 20, 7, 11, 8, 
2020/7/23, 16, 7, 13, 11, 1
2020/7/24, 17, 7, 18, 7, 1
2020/7/25, 15, 7, 12, 5, 
2020/7/26, 12, 7, 9, 6, 
2020/7/27, 18, 7, 11, 8, 
2020/7/28, 14, 8, 12, 13, 1
2020/7/29, 18, 10, 22, 11, 
2020/7/30, 20, 15, 15, 8, 
2020/7/31, 26, 15, 11, 7, 
2020/8/1, 21, 10, 15, 8, 
2020/8/2, 17, 7, 12, 16, 
2020/8/3, 18, 8, 8, 14, 
2020/8/4, 13, 11, 6, 11, 
2020/8/5, 25, 10, 7, 11, 
2020/8/6, 17, 12, 11, 10, 
2020/8/7, 18, 12, 10, 11, 
2020/8/8, 21, 8, 12, 8, 1
2020/8/9, 17, 8, 13, 9, 
2020/8/10, 17, 8, 7, 7, 
2020/8/11, 15, 10, 9, 12, 
2020/8/12, 18, 12, 5, 13, 
2020/8/13, 23, 11, 9, 11, 
2020/8/14, 25, 7, 11, 9, 
2020/8/15, 17, 10, 14, 11, 
2020/8/16, 26, 13, 4, 12, 
2020/8/17, 31, 16, 11, 13, 
2020/8/18, 38, 11, 15, 14, 
2020/8/19, 18, 14, 21, 17, 
2020/8/20, 31, 29, 35, 17, 1
2020/8/21, 73, 29, 25, 18, 1
2020/8/22, 76, 13, 17, 11, 
2020/8/23, 44, 14, 22, 12, 1
2020/8/24, 37, 16, 26, 10, 
2020/8/25, 37, 14, 16, 9, 
2020/8/26, 33, 18, 59, 16, 
2020/8/27, 45, 21, 52, 18, 
2020/8/28, 54, 25, 70, 17, 1
2020/8/29, 66, 28, 66, 13, 1
2020/8/30, 74, 16, 20, 12, 
2020/8/31, 42, 31, 101, 20, 2
2020/9/1, 73, 37, 74, 31, 3
2020/9/2, 92, 45, 58, 29, 2
2020/9/3, 110, 33, 35, 23, 
2020/9/4, 87, 18, 34, 19, 
2020/9/5, 56, 15, 42, 14, 
2020/9/6, 49, 10, 12, 16, 
2020/9/7, 28, 8, 5, 18, 
2020/9/8, 19, 11, 8, 20, 
2020/9/9, 23, 10, 10, 15, 
2020/9/10, 23, 8, 9, 10, 
2020/9/11, 16, 11, 22, 18, 
2020/9/12, 24, 13, 43, 14, 
2020/9/13, 32, 18, 34, 18, 
2020/9/14, 45, 14, 29, 20, 
2020/9/15, 31, 12, 15, 15, 
2020/9/16, 17, 15, 8, 12, 
2020/9/17, 25, 15, 7, 13, 
2020/9/18, 19, 12, 7, 15, 
2020/9/19, 16, 10, 20, 12, 
2020/9/20, 22, 10, 21, 18, 
2020/9/21, 22, 23, 26, 17, 
2020/9/22, 41, 19, 28, 18, 
2020/9/23, 41, 18, 23, 22, 
2020/9/24, 45, 21, 31, 17, 
2020/9/25, 55, 29, 47, 15, 
2020/9/26, 61, 25, 31, 11, 
2020/9/27, 47, 19, 30, 16, 
2020/9/28, 48, 19, 29, 19, 
2020/9/29, 52, 15, 27, 19, 
2020/9/30, 39, 24, 54, 11, 
2020/4/1, 47, 29, 42, 13, 
2020/4/2, 49, 30, 39, 16, 
2020/4/3, 70, 13, 42, 10, 
2020/4/4, 41, 21, 41, 8, 
2020/4/5, 58, 19, 38, 16, 
2020/4/6, 50, 12, 30, 14, 
2020/4/7, 33, 25, 40, 15, 
2020/4/8, 51, 31, 43, 19, 
2020/4/9, 53, 31, 53, 11, 
2020/4/10, 58, 51, 42, 16, 
2020/4/11, 73, 18, 52, 6, 
2020/4/12, 42, 22, 50, 10, 1
2020/4/13, 50, 37, 45, 19, 1
2020/4/14, 65, 37, 58, 16, 1
2020/4/15, 75, , 37, 18, 1
2020/4/17, 57, 31, 28, 17, 
2020/4/18, 61, 24, 19, 11, 
2020/4/19, 54, 15, 14, 11, 
2020/4/20, 42, 15, 11, 14, 
2020/4/21, 45, 16, 35, 15, 
2020/4/22, 38, 15, 35, 14, 
2020/4/23, 36, 15, 15, 17, 
2020/4/24, 41, 22, 31, 19, 
2020/4/25, 58, 50, 109, 21, 2
2020/4/26, 121, 44, 58, 21, 1
2020/4/27, 107, 33, 52, 14, 
2020/4/28, 59, 41, 45, 13, 
2020/4/29, 61, 34, 45, 13, 
2020/4/30, 65, 26, 25, 16, 1
2020/5/1, 59, 18, 18, 12, 1
2020/5/2, 51, 17, 25, 8, 
2020/5/3, 43, 13, 15, 8, 
2020/5/4, 33, 10, 15, 5, 
2020/5/5, 26, 10, 14, 5, 
2020/5/6, 28, 9, 14, 7, 
2020/5/7, 27, 7, 13, 5, 
2020/5/8, 18, 8, 12, 5, 
2020/5/9, 17, 12, 19, 9, 
2020/5/10, 26, 21, 41, 24, 
2020/5/11, 47, 19, 46, 23, 
2020/5/12, 52, 37, 65, 20, 
2020/5/13, 90, 33, 54, 15, 
2020/5/14, 61, 20, 23, 12, 
2020/5/15, 42, 12, 20, 11, 
2020/5/16, 27, 11, 19, 9, 
2020/5/17, 25, 11, 24, 14, 
2020/5/18, 22, 13, 32, 15, 
2020/5/19, 24, 17, 30, 16, 
2020/5/20, 39, 13, 21, 14, 
2020/5/21, 27, 18, 33, 17, 
2020/5/22, 40, 10, 33, 15, 
2020/5/23, 25, 13, 41, 11, 
2020/5/24, 27, 14, 21, 20, 
2020/5/25, 33, 18, 22, 18, 
2020/5/26, 38, 23, 31, 30, 1
2020/5/27, 58, 27, 31, 19, 
2020/5/28, 58, 18, 25, 19, 
2020/5/29, 42, 11, 9, 23, 
2020/5/30, 26, 14, 16, 6, 
2020/5/31, 23, 15, 11, 6, 
2020/6/1, 22, 12, 11, 6, 
2020/6/2, 22, 12, 16, 6, 
2020/6/3, 18, 15, 15, 6, 
2020/6/4, 21, 20, 17, 5, 
2020/6/5, 22, 9, 17, 13, 
2020/6/6, 18, 12, 16, 13, 
2020/6/7, 21, 16, 18, 9, 
2020/6/8, 26, 17, 15, 5, 
2020/6/9, 21, 13, 17, 6, 
2020/6/10, 20, 10, 16, 6, 
2020/6/11, 14, 13, 15, 11, 
2020/6/12, 22, 16, 15, 9, 
2020/6/13, 20, 11, 20, 7, 
2020/6/14, 17, 22, 16, 7, 
2020/6/15, 19, 13, 12, 6, 
2020/6/16, 15, 8, 18, 6, 
2020/6/17, 13, 10, 12, 6, 
2020/6/18, 16, 7, 13, 7, 
2020/6/19, 17, 7, 12, 6, 
2020/6/20, 14, 7, 11, 4, 
2020/6/21, 17, 11, 12, 13, 
2020/6/22, 20, 13, 13, 18, 
2020/6/23, 18, 11, 15, 16, 
2020/6/24, 14, 12, 13, 11, 
2020/6/25, 21, 10, 11, 9, 
2020/6/26, 18, 8, 12, 6, 
2020/6/27, 14, 6, 16, 5, 
2020/6/28, 17, 6, 10, 10, 
2020/6/29, 13, 4, 13, 8, 
2020/6/30, 16, 5, 13, 12, 
2020/1/1, 76, 26, 33, 21, 
2020/1/2, 64, 38, 35, 24, 
2020/1/3, 81, 37, 41, 20, 
2020/1/4, 88, 24, 38, 12, 
2020/1/5, 61, 28, 32, 18, 
2020/1/6, 62, 26, 26, 26, 
2020/1/7, 58, 30, 40, 26, 
2020/1/8, 63, 41, 46, 17, 
2020/1/9, 67, 42, 41, 21, 
2020/1/10, 85, 40, 35, 25, 
2020/1/11, 85, 35, 34, 18, 
2020/1/12, 67, 32, 37, 17, 
2020/1/13, 64, 35, 40, 19, 
2020/1/14, 74, 39, 39, 15, 
2020/1/15, 80, 43, 33, 19, 
2020/1/16, 95, 32, 17, 26, 
2020/1/17, 64, 22, 29, 17, 
2020/1/18, 52, 32, 32, 17, 
2020/1/19, 70, 27, 25, 20, 
2020/1/20, 68, 33, 40, 17, 
2020/1/21, 75, 34, 43, 22, 
2020/1/22, 81, 32, 27, 18, 
2020/1/23, 74, 26, 26, 15, 
2020/1/24, 68, 20, 30, 9, 
2020/1/25, 57, 12, 12, 12, 
2020/1/26, 36, 9, 16, 9, 
2020/1/27, 28, 10, 20, 9, 
2020/1/28, 31, 18, 28, 11, 
2020/1/29, 56, 20, 33, 11, 
2020/1/30, 62, 26, 36, 15, 
2020/1/31, 74, 33, 37, 16, 
2020/2/1, 75, 36, 44, 11, 
2020/2/2, 78, 28, 40, 15, 
2020/2/3, 65, 23, 32, 14, 
2020/2/4, 62, 18, 38, 12, 
2020/2/5, 51, 30, 37, 14, 
2020/2/6, 56, 35, 25, 19, 
2020/2/7, 70, 10, 14, 10, 
2020/2/8, 30, 15, 19, 9, 
2020/2/9, 45, 25, 19, 14, 
2020/2/10, 65, 34, 27, 19, 
2020/2/11, 77, 42, 21, 22, 
2020/2/12, 82, 17, 10, 25, 
2020/2/13, 49, 20, 15, 20, 
2020/2/14, 47, 34, 16, 21, 
2020/2/15, 67, 10, 18, 10, 
2020/2/16, 23, 14, 28, 10, 
2020/2/17, 39, 18, 31, 14, 
2020/2/18, 42, 27, 37, 15, 
2020/2/19, 53, 25, 39, 17, 
2020/2/20, 56, 22, 38, 17, 
2020/2/21, 43, 29, 45, 23, 
2020/2/22, 65, 37, 46, 10, 
2020/2/23, 70, 49, 46, 17, 
2020/2/24, 69, 34, 31, 20, 
2020/2/25, 59, 25, 14, 20, 
2020/2/26, 52, 23, 41, 16, 
2020/2/27, 51, 26, 40, 17, 
2020/2/28, 54, 20, 22, 20, 
2020/2/29, 48, 22, 22, 27, 1
2020/3/1, 58, 24, 40, 14, 
2020/3/2, 55, 30, 38, 10, 
2020/3/3, 60, 21, 38, 18, 
2020/3/4, 58, 13, 36, 12, 
2020/3/5, 34, 28, 36, 14, 
2020/3/6, 63, 41, 31, 18, 
2020/3/7, 78, 24, 20, 18, 
2020/3/8, 66, 30, 17, 21, 
2020/3/9, 72, 22, 39, 16, 
2020/3/10, 46, 26, 40, 12, 
2020/3/11, 61, 55, 42, 19, 
2020/3/12, 85, 52, 17, 22, 
2020/3/13, 115, 20, 32, 15, 
2020/3/14, 50, 40, 46, 10, 
2020/3/15, 85, 47, 55, 14, 
2020/3/16, 73, 49, 49, 18, 1
2020/3/17, 70, 38, 35, 24, 
2020/3/18, 76, 21, 18, 23, 
2020/3/19, 54, 29, 26, 19, 
2020/3/20, 70, 56, 35, 21, 
2020/3/21, 76, 26, 17, 15, 
2020/3/22, 69, 19, 41, 19, 
2020/3/23, 53, 38, 43, 16, 
2020/3/24, 67, 30, 35, 15, 
2020/3/25, 57, 29, 26, 18, 
2020/3/26, 73, 22, 17, 17, 
2020/3/27, 64, 18, 24, 17, 
2020/3/28, 54, 23, 28, 8, 
2020/3/29, 34, , , , 
2019/10/1, 129, 44, 65, 12, 1
2019/10/2, 104, 27, 45, 13, 1
2019/10/3, 75, 23, 29, 14, 
2019/10/4, 67, 19, 24, 20, 1
2019/10/5, 58, 20, 36, 11, 
2019/10/6, 51, 28, 38, 11, 
2019/10/7, 60, 30, 39, 17, 
2019/10/8, 68, 34, 47, 16, 
2019/10/9, 76, 27, 42, 16, 
2019/10/10, 67, 35, 76, 24, 2
2019/10/11, 78, 38, 71, 21, 1
2019/10/12, 89, 25, 49, 11, 
2019/10/13, 72, 28, 44, 16, 
2019/10/14, 77, 33, 42, 16, 
2019/10/15, 70, 31, 44, 19, 
2019/10/16, 58, 34, 52, 18, 1
2019/10/17, 71, 38, 78, 21, 1
2019/10/18, 77, 47, 65, 20, 1
2019/10/19, 94, 39, 69, 14, 1
2019/10/20, 81, 41, 62, 19, 1
2019/10/21, 81, 35, 57, 20, 1
2019/10/22, 72, 31, 47, 18, 1
2019/10/23, 66, 37, 52, 17, 1
2019/10/24, 73, 38, 55, 18, 
2019/10/25, 75, 38, 56, 17, 
2019/10/26, 77, 51, 56, 14, 1
2019/10/27, 108, 45, 48, 22, 1
2019/10/28, 102, 20, 25, 17, 
2019/10/29, 47, 34, 27, 18, 1
2019/10/30, 68, 60, 54, 18, 1
2019/10/31, 87, 45, 44, 14, 
2019/11/1, 65, 37, 39, 14, 
2019/11/2, 54, 43, 48, 14, 1
2019/11/3, 71, 58, 53, 13, 2
2019/11/4, 99, 54, 57, 17, 2
2019/11/5, 95, 51, 53, 18, 1
2019/11/6, 84, 49, 57, 18, 2
2019/11/7, 88, 49, 53, 16, 2
2019/11/8, 90, 47, 50, 17, 2
2019/11/9, 87, 45, 69, 14, 1
2019/11/10, 81, 39, 81, 18, 1
2019/11/11, 77, 37, 53, 18, 1
2019/11/12, 74, 50, 67, 17, 1
2019/11/13, 91, 56, 52, 14, 2
2019/11/14, 111, 54, 52, 15, 1
2019/11/15, 88, 44, 43, 14, 1
2019/11/16, 60, 32, 39, 15, 
2019/11/17, 59, 53, 64, 30, 1
2019/11/18, 99, 47, 38, 19, 1
2019/11/19, 94, 44, 46, 17, 1
2019/11/20, 79, 47, 42, 21, 1
2019/11/21, 68, 37, 37, 24, 1
2019/11/22, 69, 23, 36, 18, 
2019/11/23, 56, 27, 49, 16, 
2019/11/24, 64, 29, 37, 16, 
2019/11/25, 60, 43, 31, 14, 
2019/11/26, 80, 32, 37, 15, 
2019/11/27, 60, 33, 31, 15, 1
2019/11/28, 52, 27, 36, 14, 
2019/11/29, 55, 33, 34, 16, 
2019/11/30, 62, 32, 37, 20, 1
2019/12/1, 69, 42, 31, 15, 1
2019/12/2, 64, 41, 40, 16, 2
2019/12/3, 77, 45, 37, 17, 2
2019/12/4, 81, 33, 34, 14, 1
2019/12/5, 67, 42, 41, 16, 2
2019/12/6, 70, 45, 43, 16, 2
2019/12/7, 79, 31, 41, 16, 1
2019/12/8, 64, 35, 31, 25, 1
2019/12/9, 68, 36, 32, 25, 
2019/12/10, 72, 46, 39, 39, 2
2019/12/11, 91, 42, 47, 19, 1
2019/12/12, 79, 50, 41, 19, 1
2019/12/13, 75, 38, 39, 20, 1
2019/12/14, 68, 35, 37, 14, 
2019/12/15, 65, 32, 32, 22, 
2019/12/16, 64, 22, 17, 23, 
2019/12/17, 52, 23, 29, 20, 
2019/12/18, 52, 39, 24, 17, 
2019/12/19, 93, 38, 26, 18, 
2019/12/20, 88, 21, 15, 20, 
2019/12/21, 57, 35, 15, 29, 
2019/12/22, 90, 44, 36, 29, 
2019/12/23, 100, 30, 29, 22, 
2019/12/24, 71, 30, 36, 16, 
2019/12/25, 73, 30, 40, 28, 1
2019/12/26, 77, 35, 38, 17, 1
2019/12/27, 67, 44, 43, 17, 
2019/12/28, 83, 30, 40, 19, 
2019/12/29, 72, , , , 
2019/7/1, 22, 10, 17, 10, 
2019/7/2, 22, 12, 19, 17, 
2019/7/3, 22, 25, 19, 8, 
2019/7/4, 39, 17, 20, 7, 
2019/7/5, 29, 15, 20, 6, 
2019/7/6, 25, 18, 23, 4, 
2019/7/7, 32, 25, 20, 5, 
2019/7/8, 50, 27, 22, 5, 
2019/7/9, 51, 20, 27, 13, 1
2019/7/10, 41, 15, 19, 10, 
2019/7/11, 33, 26, 22, 6, 
2019/7/12, 54, 28, 22, 6, 
2019/7/13, 57, 28, 25, 5, 
2019/7/14, 55, 25, 21, 7, 
2019/7/15, 56, 25, 23, 14, 1
2019/7/16, 59, 39, 77, 30, 2
2019/7/17, 85, 50, 78, 24, 1
2019/7/18, 110, 28, 19, 25, 1
2019/7/19, 72, 18, 18, 17, 
2019/7/20, 48, 18, 16, 12, 
2019/7/21, 38, 18, 15, 11, 
2019/7/22, 39, 15, 16, 15, 
2019/7/23, 34, 15, 17, 15, 
2019/7/24, 36, 14, 19, 10, 
2019/7/25, 32, 14, 19, 8, 1
2019/7/26, 33, 12, 17, 9, 2
2019/7/27, 27, 11, 12, 15, 
2019/7/28, 32, 9, 11, 11, 
2019/7/29, 24, 14, 18, 9, 
2019/7/30, 23, 13, 21, 5, 
2019/7/31, 21, 18, 21, 9, 
2019/8/1, 23, 16, 18, 14, 
2019/8/2, 27, 11, 18, 13, 
2019/8/3, 27, 17, 23, 11, 
2019/8/4, 38, 16, 32, 11, 
2019/8/5, 35, 15, 20, 12, 
2019/8/6, 35, 18, 21, 12, 
2019/8/7, 38, 36, 132, 18, 2
2019/8/8, 87, 37, 75, 22, 3
2019/8/9, 89, 30, 48, 12, 1
2019/8/10, 80, 17, 26, 6, 
2019/8/11, 45, 17, 31, 9, 
2019/8/12, 44, 16, 28, 8, 1
2019/8/13, 36, 18, 28, 13, 
2019/8/14, 45, 19, 25, 14, 2
2019/8/15, 45, 18, 20, 11, 1
2019/8/16, 42, 14, 14, 14, 
2019/8/17, 33, 11, 18, 11, 1
2019/8/18, 25, 17, 30, 19, 1
2019/8/19, 39, 22, 32, 16, 
2019/8/20, 58, 16, 25, 14, 
2019/8/21, 46, 22, 39, 16, 1
2019/8/22, 66, 28, 35, 16, 1
2019/8/23, 70, 47, 151, 27, 2
2019/8/24, 113, 29, 19, 20, 
2019/8/25, 78, 12, 20, 20, 
2019/8/26, 33, 16, 13, 14, 
2019/8/27, 33, 24, 51, 18, 
2019/8/28, 56, 14, 14, 10, 
2019/8/29, 29, 11, 10, 15, 
2019/8/30, 26, 10, 26, 12, 
2019/8/31, 27, 16, 22, 7, 
2019/9/1, 42, 15, 18, 8, 
2019/9/2, 22, 17, 22, 11, 
2019/9/3, 40, 12, 15, 11, 
2019/9/4, 22, 10, 15, 14, 
2019/9/5, 20, 14, 18, 13, 
2019/9/6, 29, 21, 42, 20, 
2019/9/7, 47, 21, 50, 12, 1
2019/9/8, 60, 21, 30, 15, 1
2019/9/9, 60, 10, 20, 14, 
2019/9/10, 26, 14, 27, 15, 
2019/9/11, 30, 17, 24, 15, 
2019/9/12, 42, 16, 21, 14, 1
2019/9/13, 37, 17, 26, 10, 1
2019/9/14, 42, 22, 38, 10, 
2019/9/15, 60, 23, 43, 16, 
2019/9/16, 58, 34, 48, 18, 
2019/9/17, 66, 35, 55, 17, 
2019/9/18, 69, 33, 58, 17, 
2019/9/19, 73, 43, 73, 22, 1
2019/9/20, 75, 43, 89, 18, 2
2019/9/21, 73, 40, 75, 10, 1
2019/9/22, 58, 34, 54, 17, 1
2019/9/23, 64, 35, 60, 17, 1
2019/9/24, 68, 39, 65, 19, 1
2019/9/25, 74, 38, 76, 18, 1
2019/9/26, 72, 43, 77, 20, 1
2019/9/27, 87, 39, 67, 18, 1
2019/9/28, 86, 42, 132, 14, 2
2019/9/29, 98, 65, 134, 25, 3
2019/9/30, 148, 57, 108, 21, 4
2019/4/1, 79, 29, 46, 19, 
2019/4/2, 54, 33, 44, 20, 
2019/4/3, 67, 27, 38, 18, 
2019/4/4, 50, 34, 79, 20, 1
2019/4/5, 81, 41, 34, 27, 1
2019/4/6, 104, 17, 29, 11, 1
2019/4/7, 55, 12, 17, 10, 
2019/4/8, 35, 12, 15, 9, 
2019/4/9, 36, 15, 16, 11, 1
2019/4/10, 50, 17, 16, 10, 
2019/4/11, 55, 15, 29, 17, 
2019/4/12, 33, 28, 37, 17, 
2019/4/13, 63, 22, 28, 15, 
2019/4/14, 65, 39, 62, 17, 
2019/4/15, 85, 19, 46, 24, 
2019/4/16, 50, 16, 32, 22, 
2019/4/17, 46, 24, 37, 24, 1
2019/4/18, 66, 17, 40, 20, 
2019/4/19, 42, 22, 34, 21, 
2019/4/20, 40, 21, 17, 17, 
2019/4/21, 41, 15, 15, 10, 
2019/4/22, 43, 13, 14, 10, 
2019/4/23, 39, 16, 17, 10, 
2019/4/24, 46, 19, 19, 11, 1
2019/4/25, 58, 22, 22, 13, 
2019/4/26, 62, 27, 44, 16, 
2019/4/27, 68, 22, 42, 11, 
2019/4/28, 55, 26, 25, 18, 
2019/4/29, 66, , 17, 21, 
2019/5/2, 92, 40, 51, 17, 
2019/5/3, 85, 41, 57, 17, 
2019/5/4, 53, 15, 47, 12, 
2019/5/5, 44, 10, 42, 17, 
2019/5/6, 23, 15, 43, 15, 
2019/5/7, 36, 19, 45, 17, 
2019/5/8, 44, 10, 27, 21, 
2019/5/9, 23, 15, 28, 20, 
2019/5/10, 42, 35, 56, 20, 1
2019/5/11, 71, 26, 51, 11, 1
2019/5/12, 59, 32, 40, 13, 
2019/5/13, 78, 24, 21, 16, 
2019/5/14, 64, 17, 13, 14, 
2019/5/15, 50, 21, 17, 7, 
2019/5/16, 57, 21, 17, 6, 
2019/5/17, 46, 21, 22, 8, 
2019/5/18, 49, 20, 25, 6, 
2019/5/19, 43, 25, 20, 18, 
2019/5/20, 50, 35, 47, 19, 
2019/5/21, 71, 44, 58, 21, 1
2019/5/22, 75, 32, 50, 20, 
2019/5/23, 72, 41, 50, 19, 
2019/5/24, 78, 26, 39, 17, 
2019/5/25, 53, 12, 18, 17, 
2019/5/26, 25, 13, 15, 22, 
2019/5/27, 31, 14, 8, 25, 
2019/5/28, 32, 21, 35, 16, 
2019/5/29, 45, 29, 43, 17, 
2019/5/30, 52, 18, 31, 21, 
2019/5/31, 46, 9, 20, 15, 
2019/6/1, 21, 10, 17, 16, 1
2019/6/2, 22, 11, 20, 13, 1
2019/6/3, 24, 11, 18, 13, 
2019/6/4, 32, 20, 11, 11, 
2019/6/5, 36, 11, 19, 8, 
2019/6/6, 23, 8, 19, 5, 
2019/6/7, 18, 9, 17, 6, 
2019/6/8, 21, 11, 17, 4, 
2019/6/9, 17, 15, 18, 9, 
2019/6/10, 25, 14, 18, 24, 
2019/6/11, 27, 20, 29, 23, 
2019/6/12, 44, 17, 27, 21, 
2019/6/13, 38, 19, 89, 23, 1
2019/6/14, 46, 22, 42, 15, 1
2019/6/15, 52, 27, 67, 10, 1
2019/6/16, 62, 20, 48, 15, 
2019/6/17, 49, 10, 14, 17, 
2019/6/18, 21, 12, 16, 13, 
2019/6/19, 24, 10, 14, 7, 
2019/6/20, 22, 10, 14, 6, 
2019/6/21, 21, 12, 14, 5, 
2019/6/22, 22, 13, 15, 4, 
2019/6/23, 22, 16, 16, 10, 
2019/6/24, 29, 12, 15, 23, 
2019/6/25, 28, 14, 18, 16, 
2019/6/26, 32, 15, 22, 8, 
2019/6/27, 38, 15, 21, 8, 
2019/6/28, 35, 17, 22, 6, 
2019/6/29, 37, 13, 22, 12, 
2019/6/30, 35, 10, 20, 9, 
2019/1/1, 70, 37, 8, 25, 
2019/1/2, 71, 19, 11, 20, 
2019/1/3, 55, 27, 20, 22, 
2019/1/4, 61, 52, 7, 45, 
2019/1/5, 107, 36, 10, 19, 
2019/1/6, 84, 32, 23, 21, 
2019/1/7, 64, 46, 19, 23, 
2019/1/8, 99, 39, 38, 17, 
2019/1/9, 70, 34, 28, 20, 
2019/1/10, 73, 32, 23, 25, 
2019/1/11, 74, 65, 12, 59, 2
2019/1/12, 129, 30, 29, 15, 
2019/1/13, 62, 38, 29, 19, 
2019/1/14, 83, 29, 30, 24, 
2019/1/15, 75, 31, 13, 20, 
2019/1/16, 66, 25, 34, 20, 
2019/1/17, 62, 40, 30, 21, 
2019/1/18, 80, 47, 38, 22, 
2019/1/19, 86, 22, 37, 19, 
2019/1/20, 61, 38, 30, 19, 
2019/1/21, 76, 54, 36, 20, 
2019/1/22, 124, 55, 42, 23, 1
2019/1/23, 118, 55, 47, 21, 1
2019/1/24, 113, 47, 42, 35, 
2019/1/25, 89, 55, 48, 24, 
2019/1/26, 112, 57, 45, 13, 1
2019/1/27, 104, 33, 36, 19, 
2019/1/28, 61, 30, 38, 22, 
2019/1/29, 64, 27, 34, 21, 
2019/1/30, 62, 31, 22, 37, 
2019/1/31, 68, 31, 25, 20, 
2019/2/1, 76, 39, 31, 15, 
2019/2/2, 79, 55, 26, 21, 
2019/2/3, 82, 39, 30, 26, 
2019/2/4, 77, 47, 28, 11, 
2019/2/5, 102, 46, 24, 15, 
2019/2/6, 105, 19, 20, 13, 
2019/2/7, 55, 28, 22, 16, 
2019/2/8, 59, 35, 22, 11, 
2019/2/9, 61, 21, 24, 9, 
2019/2/10, 36, 24, 23, 13, 
2019/2/11, 56, 17, 22, 16, 
2019/2/12, 46, 23, 30, 21, 
2019/2/13, 58, 21, 27, 14, 
2019/2/14, 44, 18, 24, 17, 
2019/2/15, 43, 18, 28, 18, 
2019/2/16, 47, 20, 28, 9, 
2019/2/17, 41, 15, 25, 18, 
2019/2/18, 34, 15, 15, 19, 
2019/2/19, 34, 33, 12, 21, 
2019/2/20, 70, 26, 13, 20, 
2019/2/21, 66, 19, 22, 20, 
2019/2/22, 51, 24, 22, 16, 
2019/2/23, 51, 9, 20, 13, 
2019/2/24, 23, 18, 20, 16, 
2019/2/25, 50, 32, 35, 18, 
2019/2/26, 66, 39, 26, 22, 
2019/2/27, 76, 34, 25, 22, 
2019/2/28, 74, 29, 25, 16, 
2019/3/1, 60, 30, 29, 18, 
2019/3/2, 66, 19, 26, 18, 
2019/3/3, 58, 22, 36, 17, 
2019/3/4, 50, 30, 33, 21, 
2019/3/5, 59, 28, 15, 25, 
2019/3/6, 48, 9, 31, 19, 
2019/3/7, 21, 14, 31, 17, 
2019/3/8, 42, 15, 27, 23, 
2019/3/9, 41, 15, 9, 26, 
2019/3/10, 43, 16, 20, 22, 
2019/3/11, 47, 29, 43, 21, 
2019/3/12, 71, 42, 50, 21, 1
2019/3/13, 84, 43, 48, 22, 
2019/3/14, 83, 28, 24, 19, 
2019/3/15, 73, 37, 49, 16, 
2019/3/16, 68, 49, 67, 13, 1
2019/3/17, 77, 36, 52, 21, 
2019/3/18, 73, 28, 31, 25, 
2019/3/19, 76, 47, 29, 22, 
2019/3/20, 93, 18, 17, 14, 
2019/3/21, 53, 15, 16, 11, 
2019/3/22, 42, 17, 25, 14, 
2019/3/23, 31, 14, 32, 10, 
2019/3/24, 34, 19, 30, 23, 
2019/3/25, 50, 24, 41, 21, 
2019/3/26, 55, 29, 39, 20, 
2019/3/27, 64, 31, 22, 18, 
2019/3/28, 63, 17, 12, 16, 1
2019/3/29, 51, 22, 29, 21, 
2019/3/30, 53, 40, 54, 11, 
2019/3/31, 76, 47, 44, 14, 
2018/10/1, 87, 52, 74, 15, 2
2018/10/2, 85, 53, 72, 18, 2
2018/10/3, 84, 48, 79, 16, 2
2018/10/4, 87, 49, 90, 20, 4
2018/10/5, 86, 45, 85, 23, 3
2018/10/6, 83, 38, 65, 20, 3
2018/10/7, 82, 42, 71, 13, 2
2018/10/8, 82, 34, 45, 18, 1
2018/10/9, 75, 41, 37, 23, 1
2018/10/10, 99, 32, 33, 21, 
2018/10/11, 81, 26, 38, 15, 1
2018/10/12, 66, 30, 41, 15, 1
2018/10/13, 59, 30, 38, 13, 1
2018/10/14, 54, 27, 33, 20, 1
2018/10/15, 56, 19, 22, 26, 
2018/10/16, 56, 18, 12, 20, 1
2018/10/17, 47, 13, 29, 15, 
2018/10/18, 40, 38, 52, 15, 1
2018/10/19, 77, 31, 44, 14, 1
2018/10/20, 63, 31, 47, 13, 1
2018/10/21, 63, 26, 35, 19, 1
2018/10/22, 63, 30, 35, 20, 1
2018/10/23, 73, 26, 41, 18, 1
2018/10/24, 64, 34, 47, 20, 1
2018/10/25, 78, 46, 51, 29, 3
2018/10/26, 104, 31, 38, 17, 1
2018/10/27, 71, 41, 56, 17, 2
2018/10/28, 74, 35, 40, 25, 2
2018/10/29, 57, 38, 51, 16, 2
2018/10/30, 59, 45, 49, 15, 3
2018/10/31, 67, 42, 49, 15, 2
2018/11/1, 69, 40, 36, 21, 1
2018/11/2, 87, 18, 14, 25, 
2018/11/3, 43, 20, 29, 13, 1
2018/11/4, 53, 24, 33, 14, 1
2018/11/5, 60, 21, 31, 15, 1
2018/11/6, 47, 26, 28, 17, 1
2018/11/7, 62, 40, 30, 27, 2
2018/11/8, 88, 35, 39, 21, 1
2018/11/9, 79, 30, 33, 13, 
2018/11/10, 67, 33, 35, 16, 1
2018/11/11, 76, 38, 46, 27, 2
2018/11/12, 84, 35, 35, 17, 2
2018/11/13, 80, 30, 38, 15, 1
2018/11/14, 62, 42, 39, 16, 
2018/11/15, 68, 37, 33, 20, 1
2018/11/16, 73, 26, 29, 16, 
2018/11/17, 62, 16, 31, 14, 1
2018/11/18, 44, 25, 29, 19, 1
2018/11/19, 57, 25, 32, 16, 
2018/11/20, 51, 35, 36, 20, 1
2018/11/21, 67, 27, 21, 18, 
2018/11/22, 48, 35, 38, 21, 1
2018/11/23, 77, 36, 38, 17, 1
2018/11/24, 72, 31, 35, 16, 1
2018/11/25, 74, 11, 25, 19, 
2018/11/26, 30, 23, 17, 22, 
2018/11/27, 61, 17, 19, 20, 
2018/11/28, 52, 37, 36, 22, 1
2018/11/29, 82, 41, 44, 20, 1
2018/11/30, 78, 48, 44, 20, 1
2018/12/1, 80, 42, 37, 17, 1
2018/12/2, 75, 32, 25, 22, 1
2018/12/3, 65, 19, 15, 23, 1
2018/12/4, 44, 25, 25, 18, 
2018/12/5, 51, 31, 25, 21, 1
2018/12/6, 66, 28, 29, 17, 1
2018/12/7, 67, 24, 13, 16, 
2018/12/8, 55, 22, 10, 16, 1
2018/12/9, 54, 27, 8, 24, 1
2018/12/10, 56, 29, 11, 25, 1
2018/12/11, 53, 23, 9, 20, 
2018/12/12, 42, 31, 11, 21, 
2018/12/13, 66, 29, 12, 22, 1
2018/12/14, 68, 36, 27, 22, 1
2018/12/15, 71, 43, 21, 24, 1
2018/12/16, 86, 26, 32, 21, 1
2018/12/17, 52, 41, 45, 23, 2
2018/12/18, 70, 49, 47, 20, 1
2018/12/19, 71, 52, 38, 25, 1
2018/12/20, 79, 43, 31, 20, 1
2018/12/21, 83, 41, 36, 18, 1
2018/12/22, 90, 18, 24, 16, 
2018/12/23, 57, 14, 14, 15, 
2018/12/24, 43, 28, 27, 15, 1
2018/12/25, 68, 30, 30, 27, 1
2018/12/26, 73, 32, 28, 20, 1
2018/12/27, 75, 29, 29, 13, 
2018/12/28, 64, 24, 16, 13, 
2018/12/29, 56, 41, 17, 14, 1
2018/12/30, 85, , , , 
2018/7/3, 47, 24, 23, 9, 1
2018/7/4, 42, 21, 23, 7, 1
2018/7/5, 39, 19, 22, 7, 1
2018/7/6, 38, 17, 24, 8, 1
2018/7/7, 40, 15, 19, 13, 2
2018/7/8, 34, 15, 13, 12, 1
2018/7/9, 28, 21, 15, 11, 
2018/7/10, 37, 22, 24, 13, 1
2018/7/11, 52, 10, 29, 13, 3
2018/7/12, 21, 9, 16, 11, 1
2018/7/13, 19, 19, 15, 13, 
2018/7/14, 28, 17, 14, 10, 
2018/7/15, 26, 21, 15, 7, 
2018/7/16, 37, 26, 20, 12, 1
2018/7/17, 46, 18, 31, 14, 1
2018/7/18, 28, 14, 14, 10, 
2018/7/19, 30, 13, 17, 11, 
2018/7/20, 27, 18, 17, 14, 1
2018/7/21, 39, 14, 26, 12, 2
2018/7/22, 36, 19, 20, 15, 4
2018/7/23, 35, 26, 15, 16, 1
2018/7/24, 45, 24, 21, 9, 
2018/7/25, 51, 17, 18, 11, 1
2018/7/26, 40, 12, 15, 11, 1
2018/7/27, 32, 11, 16, 11, 1
2018/7/28, 31, 10, 17, 9, 1
2018/7/29, 31, 11, 18, 7, 2
2018/7/30, 31, 16, 21, 8, 2
2018/7/31, 41, 14, 19, 7, 2
2018/8/1, 30, 13, 19, 8, 1
2018/8/2, 30, 15, 20, 9, 1
2018/8/3, 34, 15, 20, 8, 1
2018/8/4, 42, 16, 23, 11, 2
2018/8/5, 47, 17, 22, 11, 2
2018/8/6, 41, 19, 21, 12, 2
2018/8/7, 52, 16, 24, 14, 2
2018/8/8, 46, 15, 23, 11, 1
2018/8/9, 35, 8, 23, 10, 
2018/8/10, 15, 11, 16, 15, 1
2018/8/11, 25, 10, 20, 16, 
2018/8/12, 25, 12, 23, 13, 1
2018/8/13, 29, 10, 25, 14, 1
2018/8/14, 21, 16, 31, 15, 
2018/8/15, 45, 14, 32, 16, 1
2018/8/16, 30, 13, 20, 17, 1
2018/8/17, 32, 17, 14, 15, 1
2018/8/18, 41, 13, 15, 14, 2
2018/8/19, 37, 25, 23, 13, 2
2018/8/20, 61, 28, 29, 24, 2
2018/8/21, 74, 32, 48, 23, 3
2018/8/22, 82, 25, 77, 26, 4
2018/8/23, 64, 40, 55, 24, 2
2018/8/24, 101, 53, 99, 31, 5
2018/8/25, 125, 40, 126, 26, 6
2018/8/26, 95, 18, 77, 22, 3
2018/8/27, 58, 16, 52, 17, 1
2018/8/28, 51, 16, 23, 28, 
2018/8/29, 38, 31, 25, 9, 
2018/8/30, 50, 30, 20, 8, 1
2018/8/31, 54, 22, 19, 10, 1
2018/9/1, 51, 12, 10, 16, 
2018/9/2, 32, , 16, 12, 1
2018/9/4, 38, 22, 28, 13, 2
2018/9/5, 58, 29, 39, 20, 2
2018/9/6, 75, 20, 43, 19, 2
2018/9/7, 61, 31, 33, 17, 2
2018/9/8, 76, 37, 26, 23, 1
2018/9/9, 83, 16, 40, 15, 1
2018/9/10, 40, 43, 32, 24, 1
2018/9/11, 92, 22, 92, 34, 4
2018/9/12, 49, 18, 42, 14, 1
2018/9/13, 45, 21, 26, 17, 
2018/9/14, 58, 24, 35, 20, 2
2018/9/15, 57, 26, 32, 17, 2
2018/9/16, 28, 25, 20, 2, 
2018/9/17, 36, 19, 22, 8, 1
2018/9/18, 40, 23, 18, 12, 1
2018/9/19, 60, 25, 34, 20, 4
2018/9/20, 69, 16, 28, 18, 6
2018/9/21, 44, 14, 25, 12, 4
2018/9/22, 45, 8, 12, 15, 3
2018/9/23, 23, 12, 12, 11, 3
2018/9/24, 33, 22, 21, 16, 2
2018/9/25, 52, 29, 45, 13, 1
2018/9/26, 61, 34, 47, 15, 2
2018/9/27, 68, 46, 54, 18, 4
2018/9/28, 94, 43, 63, 21, 2
2018/9/29, 90, 38, 58, 16, 2
2018/9/30, 83, 40, 67, 12, 2
2018/4/1, 70, 48, 51, 17, 3
2018/4/2, 88, 38, 28, 20, 3
2018/4/3, 75, 37, 26, 18, 2
2018/4/4, 68, 26, 23, 15, 1
2018/4/5, 52, 35, 23, 17, 1
2018/4/6, 54, 73, 38, 12, 1
2018/4/7, 78, 72, 54, 15, 1
2018/4/8, 87, 61, 54, 22, 2
2018/4/9, 86, 39, 37, 21, 1
2018/4/10, 67, 36, 32, 20, 2
2018/4/11, 77, 23, 17, 17, 2
2018/4/12, 59, 15, 13, 16, 1
2018/4/13, 48, 12, 14, 12, 1
2018/4/14, 42, 21, 16, 19, 1
2018/4/15, 60, 23, 17, 21, 
2018/4/16, 53, 25, 31, 21, 
2018/4/17, 60, 50, 53, 21, 1
2018/4/18, 87, 45, 51, 20, 1
2018/4/19, 80, 46, 49, 21, 2
2018/4/20, 78, 44, 35, 18, 1
2018/4/21, 80, 42, 31, 17, 3
2018/4/22, 91, 18, 16, 13, 1
2018/4/23, 52, 21, 11, 24, 3
2018/4/24, 59, 29, 38, 21, 
2018/4/25, 68, 43, 51, 21, 1
2018/4/26, 87, 41, 47, 23, 2
2018/4/27, 95, 45, 46, 21, 2
2018/4/28, 102, 43, 46, 15, 2
2018/4/29, 104, 36, 30, 19, 2
2018/4/30, 86, 20, 16, 13, 2
2018/5/1, 57, 19, 16, 15, 15
2018/5/2, 55, 35, 48, 19, 2
2018/5/3, 75, 31, 52, 19, 1
2018/5/4, 63, 42, 44, 18, 1
2018/5/5, 63, 24, 22, 10, 1
2018/5/6, 50, 13, 17, 6, 
2018/5/7, 31, 18, 22, 23, 1
2018/5/8, 36, 19, 40, 18, 1
2018/5/9, 53, , 52, 17, 
2018/5/11, 83, 31, 25, 17, 2
2018/5/12, 61, 18, 24, 11, 1
2018/5/13, 49, 15, 19, 11, 1
2018/5/14, 48, 12, 19, 9, 1
2018/5/15, 36, 12, 18, 10, 2
2018/5/16, 39, 12, 18, 7, 1
2018/5/17, 39, 14, 20, 8, 1
2018/5/18, 44, 13, 18, 10, 2
2018/5/19, 41, 12, 20, 9, 2
2018/5/20, 45, 12, 20, 10, 2
2018/5/21, 41, 11, 24, 10, 2
2018/5/22, 41, 15, 37, 12, 3
2018/5/23, 39, 15, 27, 14, 2
2018/5/24, 45, 10, 19, 9, 1
2018/5/25, 27, , 17, 9, 2
2018/5/28, 74, 16, 32, 16, 3
2018/5/29, 40, 14, 18, 13, 3
2018/5/30, 44, 12, 22, 9, 2
2018/5/31, 41, 18, 39, 15, 3
2018/6/1, 50, 22, 45, 13, 1
2018/6/2, 54, 28, 56, 11, 1
2018/6/3, 65, 23, 35, 14, 
2018/6/4, 59, 12, 21, 18, 
2018/6/5, 28, 14, 17, 18, 
2018/6/6, 23, 14, 22, 15, 
2018/6/7, 25, 14, 25, 13, 
2018/6/8, 29, 16, 36, 17, 2
2018/6/9, 41, 29, 66, 25, 4
2018/6/10, 68, 38, 73, 27, 4
2018/6/11, 89, 30, 61, 19, 2
2018/6/12, 80, 13, 30, 24, 
2018/6/13, 37, 26, 49, 23, 
2018/6/14, 67, 19, 37, 18, 1
2018/6/15, 48, 25, 48, 13, 1
2018/6/16, 43, 24, 43, 12, 1
2018/6/17, 57, 23, 43, 11, 2
2018/6/18, 61, 17, 23, 6, 1
2018/6/19, 36, 23, 21, 8, 1
2018/6/20, 45, 23, 21, 9, 1
2018/6/21, 48, 18, 20, 15, 1
2018/6/22, 40, 17, 19, 18, 1
2018/6/23, 32, 12, 18, 11, 1
2018/6/24, 24, 12, 17, 10, 1
2018/6/25, 22, 13, 16, 11, 1
2018/6/26, 28, 12, 17, 10, 2
2018/6/27, 34, 13, 20, 9, 2
2018/6/28, 35, 14, 24, 10, 2
2018/6/29, 34, , 19, 8, 1
2018/1/1, 148, 64, 47, 19, 2
2018/1/2, 118, 43, 38, 17, 2
2018/1/3, 70, 34, 28, 18, 1
2018/1/4, 65, 30, 19, 20, 
2018/1/5, 78, 11, 22, 15, 
2018/1/6, 34, 6, 19, 14, 
2018/1/7, 15, 12, 15, 20, 
2018/1/8, 37, 32, 23, 21, 
2018/1/9, 85, 27, 28, 18, 1
2018/1/10, 60, 25, 36, 15, 1
2018/1/11, 51, 24, 35, 18, 1
2018/1/12, 46, 42, 41, 15, 2
2018/1/13, 69, 30, 35, 16, 1
2018/1/14, 55, 37, 36, 24, 1
2018/1/15, 70, 30, 29, 19, 2
2018/1/16, 63, 54, 44, 54, 5
2018/1/17, 119, 52, 44, 24, 2
2018/1/18, 111, 32, 30, 24, 
2018/1/19, 85, 36, 37, 21, 1
2018/1/20, 86, 47, 43, 4, 1
2018/1/21, 111, 63, 49, 16, 3
2018/1/22, 146, 48, 44, 21, 2
2018/1/23, 99, 43, 40, 16, 
2018/1/24, 82, 35, 33, 20, 1
2018/1/25, 72, 43, 31, 19, 1
2018/1/26, 76, 39, 24, 15, 1
2018/1/27, 70, 34, 24, 21, 
2018/1/28, 68, 17, 11, 21, 
2018/1/29, 36, 25, 10, 16, 
2018/1/30, 67, 15, 11, 19, 
2018/1/31, 42, 35, 25, 22, 1
2018/2/1, 80, 41, 21, 21, 1
2018/2/2, 90, 49, 27, 22, 2
2018/2/3, 96, 59, 36, 15, 3
2018/2/4, 117, 56, 26, 24, 2
2018/2/5, 110, 45, 39, 30, 2
2018/2/6, 87, 50, 41, 35, 1
2018/2/7, 90, 43, 34, 28, 2
2018/2/8, 87, 39, 42, 25, 1
2018/2/9, 75, 50, 34, 31, 1
2018/2/10, 106, 53, 42, 17, 1
2018/2/11, 128, 46, 38, 23, 1
2018/2/12, 104, 60, 43, 23, 1
2018/2/13, 94, 57, 39, 26, 1
2018/2/14, 78, 52, 31, 33, 1
2018/2/15, 82, 48, 20, 39, 5
2018/2/16, 104, 41, 32, 17, 1
2018/2/17, 95, 40, 34, 17, 1
2018/2/18, 79, 25, 25, 22, 
2018/2/19, 65, 24, 23, 23, 
2018/2/20, 66, 28, 31, 16, 
2018/2/21, 64, 19, 31, 14, 
2018/2/22, 47, 13, 28, 16, 
2018/2/23, 32, 30, 35, 23, 
2018/2/24, 67, 36, 30, 24, 1
2018/2/25, 86, 24, 26, 17, 
2018/2/26, 52, 31, 36, 21, 1
2018/2/27, 63, 33, 32, 33, 2
2018/2/28, 67, 33, 37, 29, 3
2018/3/1, 88, 36, 43, 22, 1
2018/3/2, 82, 56, 27, 25, 1
2018/3/3, 110, 27, 11, 21, 3
2018/3/4, 77, 21, 9, 22, 3
2018/3/5, 60, 36, 38, 19, 1
2018/3/6, 61, 27, 36, 17, 
2018/3/7, 49, 12, 18, 18, 
2018/3/8, 34, 23, 37, 16, 
2018/3/9, 49, 37, 48, 19, 1
2018/3/10, 72, 36, 49, 15, 1
2018/3/11, 63, 30, 42, 26, 1
2018/3/12, 63, 31, 38, 27, 2
2018/3/13, 63, 26, 27, 28, 1
2018/3/14, 62, 41, 22, 32, 2
2018/3/15, 81, 34, 30, 30, 3
2018/3/16, 85, 32, 40, 18, 
2018/3/17, 75, 33, 39, 17, 1
2018/3/18, 65, 41, 32, 24, 1
2018/3/19, 78, 26, 31, 24, 2
2018/3/20, 64, 27, 44, 17, 1
2018/3/21, 55, 32, 46, 20, 1
2018/3/22, 65, 39, 53, 22, 2
2018/3/23, 69, 51, 55, 20, 1
2018/3/24, 82, 52, 58, 16, 2
2018/3/25, 82, 51, 50, 23, 2
2018/3/26, 86, 51, 42, 26, 2
2018/3/27, 102, 45, 46, 22, 2
2018/3/28, 87, 35, 40, 20, 1
2018/3/29, 86, 31, 43, 16, 2
2018/3/30, 74, 28, 41, 14, 1
2018/3/31, 49, 38, 38, 16, 2
2017/10/1, 45, 13, 16, 10, 
2017/10/2, 33, 16, 19, 14, 
2017/10/3, 42, 25, 31, 15, 
2017/10/4, 60, 26, 34, 11, 
2017/10/5, 54, 32, 37, 16, 
2017/10/6, 65, 30, 37, 13, 
2017/10/7, 63, 35, 45, 13, 1
2017/10/8, 72, 30, 25, 12, 
2017/10/9, 51, 32, 32, 15, 1
2017/10/10, 58, 27, 27, 14, 
2017/10/11, 43, 32, 37, 16, 
2017/10/12, 52, 30, 38, 16, 
2017/10/13, 62, 30, 19, 14, 
2017/10/14, 62, 13, 20, 8, 
2017/10/15, 35, 17, 21, 15, 
2017/10/16, 31, 17, 23, 14, 
2017/10/17, 42, 20, 32, 14, 
2017/10/18, 56, 19, 26, 16, 
2017/10/19, 49, 22, 30, 17, 
2017/10/20, 53, 28, 41, 14, 
2017/10/21, 63, 39, 58, 15, 1
2017/10/22, 85, 44, 51, 22, 1
2017/10/23, 93, 53, 60, 21, 1
2017/10/24, 105, 49, 53, 17, 1
2017/10/25, 88, 50, 56, 20, 1
2017/10/26, 94, 49, 57, 31, 3
2017/10/27, 101, 53, 73, 18, 3
2017/10/28, 112, 55, 67, 14, 3
2017/10/29, 118, 51, 52, 17, 2
2017/10/30, 97, 60, 50, 18, 2
2017/10/31, 124, 35, 42, 18, 1
2017/11/1, 62, 38, 45, 23, 1
2017/11/2, 73, 45, 54, 20, 2
2017/11/3, 89, 50, 53, 18, 2
2017/11/4, 98, 68, 68, 13, 2
2017/11/5, 139, 49, 40, 18, 1
2017/11/6, 102, 36, 22, 24, 1
2017/11/7, 85, 31, 36, 17, 
2017/11/8, 75, 33, 45, 15, 
2017/11/9, 59, 42, 44, 19, 1
2017/11/10, 72, 40, 40, 17, 1
2017/11/11, 80, 31, 36, 13, 
2017/11/12, 73, 16, 31, 18, 
2017/11/13, 51, 20, 36, 17, 
2017/11/14, 59, 24, 33, 17, 
2017/11/15, 59, 27, 38, 16, 
2017/11/16, 65, 31, 35, 19, 1
2017/11/17, 80, 29, 25, 27, 2
2017/11/18, 70, 21, 19, 12, 
2017/11/19, 46, 26, 13, 16, 
2017/11/20, 57, 22, 21, 18, 
2017/11/21, 51, 36, 24, 22, 
2017/11/22, 63, 43, 33, 17, 1
2017/11/23, 84, 45, 28, 20, 1
2017/11/24, 91, 40, 18, 21, 
2017/11/25, 86, 36, 19, 27, 1
2017/11/26, 75, 26, 38, 18, 1
2017/11/27, 63, 36, 42, 18, 1
2017/11/28, 68, 28, 34, 15, 
2017/11/29, 60, 26, 33, 13, 
2017/11/30, 59, 25, 31, 16, 
2017/12/1, 56, 23, 31, 17, 
2017/12/2, 53, 34, 38, 19, 1
2017/12/3, 72, 42, 28, 21, 1
2017/12/4, 86, 42, 28, 15, 1
2017/12/5, 91, 53, 45, 19, 1
2017/12/6, 107, 54, 42, 22, 1
2017/12/7, 107, 56, 44, 15, 3
2017/12/8, 105, 67, 51, 22, 3
2017/12/9, 148, 68, 56, 30, 4
2017/12/10, 149, 54, 56, 23, 3
2017/12/11, 109, 63, 53, 19, 3
2017/12/12, 117, 27, 28, 14, 
2017/12/13, 58, 29, 31, 16, 
2017/12/14, 48, 32, 28, 17, 
2017/12/15, 66, 36, 17, 16, 
2017/12/16, 58, 27, 18, 13, 1
2017/12/17, 63, 59, 31, 20, 2
2017/12/18, 133, 49, 34, 20, 2
2017/12/19, 91, 44, 33, 19, 2
2017/12/20, 76, 41, 50, 18, 2
2017/12/21, 70, 52, 42, 22, 2
2017/12/22, 87, 43, 38, 31, 1
2017/12/23, 87, 58, 49, 35, 4
2017/12/24, 116, 59, 61, 15, 4
2017/12/25, 120, 70, 53, 16, 3
2017/12/26, 129, 45, 42, 16, 1
2017/12/27, 78, 48, 36, 20, 1
2017/12/28, 77, 40, 40, 19, 1
2017/12/29, 85, 22, 33, 19, 
2017/12/30, 53, 36, 43, 14, 1
2017/12/31, 80, 67, 51, 16, 2
2017/7/1, 26, 14, 18, 8, 
2017/7/2, 23, 16, 20, 13, 1
2017/7/3, 33, 12, 14, 16, 
2017/7/4, 26, 11, 15, 13, 
2017/7/5, 25, 12, 13, 15, 
2017/7/6, 17, 12, 18, 12, 1
2017/7/7, 19, 15, 16, 12, 1
2017/7/8, 32, 11, 18, 7, 
2017/7/9, 25, 10, 16, 8, 1
2017/7/10, 26, 9, 15, 13, 1
2017/7/11, 23, 16, 16, 13, 1
2017/7/12, 31, 10, 14, 11, 1
2017/7/13, 22, 9, 12, 11, 1
2017/7/14, 16, 10, 13, 12, 
2017/7/15, 18, 11, 12, 9, 
2017/7/16, 25, 8, 12, 11, 
2017/7/17, 15, 10, 10, 14, 
2017/7/18, 17, 10, 15, 14, 
2017/7/19, 25, 13, 14, 12, 
2017/7/20, 23, 13, 15, 12, 
2017/7/21, 30, 11, 15, 11, 
2017/7/22, 22, 12, 22, 11, 1
2017/7/23, 31, 9, 17, 13, 
2017/7/24, 20, 11, 18, 14, 1
2017/7/25, 26, 12, 19, 13, 1
2017/7/26, 28, 13, 17, 13, 
2017/7/27, 28, 19, 28, 15, 1
2017/7/28, 39, 37, 95, 25, 4
2017/7/29, 85, 60, 109, 27, 8
2017/7/30, 143, 33, 39, 12, 1
2017/7/31, 84, 21, 28, 9, 
2017/8/1, 50, 19, 23, 17, 1
2017/8/2, 49, 12, 17, 18, 1
2017/8/3, 32, 12, 16, 18, 2
2017/8/4, 31, 21, 18, 16, 3
2017/8/5, 49, 17, 23, 11, 2
2017/8/6, 46, 12, 19, 8, 1
2017/8/7, 29, 12, 18, 7, 1
2017/8/8, 24, 15, 18, 7, 
2017/8/9, 30, 20, 22, 8, 1
2017/8/10, 42, 21, 21, 8, 
2017/8/11, 46, 17, 20, 8, 1
2017/8/12, 37, 12, 17, 7, 1
2017/8/13, 30, 11, 14, 6, 1
2017/8/14, 27, 8, 14, 7, 1
2017/8/15, 18, 9, 11, 12, 2
2017/8/16, 29, 10, 18, 11, 1
2017/8/17, 28, 12, 21, 14, 2
2017/8/18, 40, 10, 19, 14, 3
2017/8/19, 32, 13, 38, 12, 3
2017/8/20, 43, 29, 95, 20, 5
2017/8/21, 63, 43, 68, 23, 3
2017/8/22, 98, 17, 23, 9, 
2017/8/23, 26, 24, 16, 16, 1
2017/8/24, 43, 16, 19, 14, 1
2017/8/25, 37, 15, 27, 13, 1
2017/8/26, 38, 15, 17, 6, 
2017/8/27, 20, 8, 16, 16, 
2017/8/28, 20, 18, 32, 28, 3
2017/8/29, 39, 25, 56, 25, 4
2017/8/30, 64, 24, 25, 27, 2
2017/8/31, 61, 41, 62, 37, 4
2017/9/1, 96, 34, 39, 39, 4
2017/9/2, 89, 32, 75, 27, 4
2017/9/3, 87, 11, 30, 12, 
2017/9/4, 35, 17, 16, 16, 2
2017/9/5, 42, 20, 11, 12, 1
2017/9/6, 54, , , , 
2017/9/11, 49, 34, 69, 29, 3
2017/9/12, 81, 25, 39, 15, 1
2017/9/13, 59, 37, 47, 19, 1
2017/9/14, 68, 28, 41, 18, 2
2017/9/15, 64, 49, 134, 28, 6
2017/9/16, 110, 59, 101, 27, 7
2017/9/17, 134, 50, 71, 22, 3
2017/9/18, 115, 32, 47, 18, 1
2017/9/19, 72, 28, 35, 18, 1
2017/9/20, 68, 16, 24, 16, 1
2017/9/21, 49, 15, 20, 15, 1
2017/9/22, 41, 20, 25, 16, 1
2017/9/23, 55, 19, 28, 11, 
2017/9/24, 42, 14, 15, 13, 
2017/9/25, 21, 14, 17, 16, 2
2017/9/26, 28, 22, 29, 26, 4
2017/9/27, 56, 16, 15, 21, 4
2017/9/28, 49, 10, 16, 14, 1
2017/9/29, 23, 24, 36, 16, 
2017/9/30, 56, 20, 30, 13, 
2017/4/1, 47, 17, 58, 18, 2
2017/4/2, 18, , 51, 22, 2
2017/4/6, 71, 28, 18, 24, 3
2017/4/7, 72, 22, 13, 22, 4
2017/4/8, 64, 16, 21, 14, 3
2017/4/9, 50, 15, 18, 10, 1
2017/4/10, 36, 17, 17, 15, 1
2017/4/11, 41, 19, 11, 23, 1
2017/4/12, 49, 21, 24, 22, 1
2017/4/13, 52, 29, 37, 20, 2
2017/4/14, 71, 33, 36, 23, 3
2017/4/15, 70, 28, 35, 17, 2
2017/4/16, 69, 20, 31, 20, 3
2017/4/17, 53, 28, 47, 25, 5
2017/4/18, 74, 18, 26, 20, 3
2017/4/19, 56, 12, 18, 19, 2
2017/4/20, 41, 19, 22, 21, 1
2017/4/21, 50, 29, 27, 26, 1
2017/4/22, 64, 34, 34, 20, 1
2017/4/23, 70, 49, 46, 25, 1
2017/4/24, 93, 41, 46, 30, 1
2017/4/25, 85, 54, 31, 30, 2
2017/4/26, 117, 27, 20, 26, 2
2017/4/27, 70, 17, 34, 21, 1
2017/4/28, 44, 30, 59, 25, 3
2017/4/29, 71, 30, 60, 22, 3
2017/4/30, 79, 33, 48, 21, 2
2017/5/1, 77, 26, 21, 23, 3
2017/5/2, 67, 17, 13, 16, 2
2017/5/3, 50, 15, 13, 27, 2
2017/5/4, 40, 32, 52, 40, 5
2017/5/5, 77, 47, 70, 34, 7
2017/5/6, 114, 25, 41, 15, 2
2017/5/7, 69, 35, 38, 20, 2
2017/5/8, 67, 23, 43, 35, 2
2017/5/9, 60, 47, 68, 46, 7
2017/5/10, 114, 29, 47, 18, 2
2017/5/11, 76, 27, 41, 24, 2
2017/5/12, 67, 22, 11, 39, 7
2017/5/13, 57, 26, 60, 23, 2
2017/5/14, 72, 14, 33, 20, 1
2017/5/15, 39, 10, 27, 19, 
2017/5/16, 27, 25, 37, 19, 1
2017/5/17, 53, 31, 45, 18, 1
2017/5/18, 73, 30, 41, 17, 
2017/5/19, 68, 16, 37, 18, 
2017/5/20, 51, 22, 37, 15, 
2017/5/21, 60, 24, 28, 21, 
2017/5/22, 57, 23, 23, 21, 
2017/5/23, 69, 22, 14, 30, 1
2017/5/24, 66, 17, 31, 20, 
2017/5/25, 52, 26, 32, 21, 1
2017/5/26, 70, 35, 48, 22, 1
2017/5/27, 77, 44, 80, 16, 2
2017/5/28, 90, 29, 46, 16, 1
2017/5/29, 66, 26, 38, 15, 1
2017/5/30, 67, 16, 22, 15, 3
2017/5/31, 53, 13, 18, 7, 
2017/6/1, 38, 24, 22, 7, 
2017/6/2, 51, 25, 25, 9, 1
2017/6/3, 57, 22, 26, 6, 
2017/6/4, 48, 22, 22, 12, 
2017/6/5, 49, 16, 19, 13, 1
2017/6/6, 37, 11, 18, 13, 
2017/6/7, 25, 9, 16, 13, 
2017/6/8, 24, 11, 13, 13, 
2017/6/9, 28, 11, 17, 13, 1
2017/6/10, 28, 12, 22, 11, 2
2017/6/11, 40, 13, 17, 9, 
2017/6/12, 20, 10, 18, 15, 
2017/6/13, 20, 27, 21, 10, 
2017/6/14, 50, 26, 21, 8, 
2017/6/15, 52, 22, 22, 7, 
2017/6/16, 43, 12, 12, 20, 
2017/6/17, 30, 8, , , 
2017/6/18, 23, 11, 17, 23, 1
2017/6/19, 30, 13, 20, 17, 
2017/6/20, 28, 17, 19, 10, 
2017/6/21, 35, 19, 22, 9, 
2017/6/22, 47, 10, 15, 10, 1
2017/6/23, 22, 11, 19, 8, 
2017/6/24, 23, 12, 22, 7, 
2017/6/25, 21, 14, 18, 6, 
2017/6/26, 24, 13, 16, 7, 
2017/6/27, 23, 10, 17, 7, 1
2017/6/28, 23, 8, 20, 8, 1
2017/6/29, 19, 8, 16, 13, 2
2017/6/30, 25, 8, 15, 8, 
2017/1/2, 78, 33, 28, 27, 1
2017/1/3, 76, 33, 36, 23, 2
2017/1/4, 78, 27, 28, 31, 2
2017/1/5, 72, 35, 34, 27, 3
2017/1/6, 86, 31, 33, 22, 1
2017/1/7, 83, 42, 42, 32, 3
2017/1/8, 102, 42, 36, 23, 2
2017/1/9, 96, 41, 38, 19, 2
2017/1/10, 96, 53, 40, 19, 2
2017/1/11, 129, 60, 33, 24, 1
2017/1/12, 142, 21, 8, 26, 1
2017/1/13, 51, 15, 13, 19, 
2017/1/14, 44, 29, 19, 16, 1
2017/1/15, 78, 29, 28, 18, 1
2017/1/16, 72, 32, 32, 21, 2
2017/1/17, 62, 36, 29, 25, 1
2017/1/18, 80, 42, 27, 31, 2
2017/1/19, 94, 28, 29, 25, 1
2017/1/20, 71, 39, 31, 23, 1
2017/1/21, 90, 48, 37, 21, 2
2017/1/22, 107, 52, 43, 21, 2
2017/1/23, 100, 51, 42, 18, 2
2017/1/24, 92, 36, 33, 20, 1
2017/1/25, 67, 40, 35, 20, 1
2017/1/26, 90, 32, 41, 22, 1
2017/1/27, 75, 38, 36, 16, 2
2017/1/28, 85, 31, 35, 16, 1
2017/1/29, 72, 22, 25, 19, 
2017/1/30, 62, 36, 23, 13, 
2017/1/31, 74, 32, 27, 18, 1
2017/2/1, 82, 32, 31, 16, 1
2017/2/2, 60, 31, 31, 19, 1
2017/2/3, 74, 28, 30, 22, 1
2017/2/4, 71, 20, 24, 25, 2
2017/2/5, 66, 39, 38, 18, 1
2017/2/6, 81, 53, 43, 17, 1
2017/2/7, 110, 36, 36, 23, 1
2017/2/8, 74, 22, 29, 16, 1
2017/2/9, 56, 49, 30, 18, 3
2017/2/10, 122, 50, 34, 21, 3
2017/2/11, 121, 53, 47, 20, 3
2017/2/12, 123, 43, 44, 23, 2
2017/2/13, 81, 33, 41, 20, 2
2017/2/14, 63, 34, 46, 23, 2
2017/2/15, 67, 30, 37, 33, 2
2017/2/16, 63, 27, 30, 33, 2
2017/2/17, 70, 32, 34, 27, 1
2017/2/18, 78, 40, 42, 17, 1
2017/2/19, 100, 36, 32, 30, 1
2017/2/20, 85, 32, 32, 18, 1
2017/2/21, 72, 23, 28, 24, 1
2017/2/22, 63, 43, 18, 24, 1
2017/2/23, 98, 20, 11, 22, 1
2017/2/24, 54, 16, 11, 24, 
2017/2/25, 40, 12, 24, 19, 1
2017/2/26, 36, 33, 43, 20, 2
2017/2/27, 73, 49, 49, 23, 2
2017/2/28, 99, 66, 47, 47, 5
2017/3/1, 140, 50, 44, 22, 3
2017/3/2, 87, 55, 52, 23, 3
2017/3/3, 91, 51, 41, 26, 2
2017/3/4, 99, 43, 33, 24, 2
2017/3/5, 88, 29, 33, 30, 1
2017/3/6, 70, 45, 40, 21, 2
2017/3/7, 92, 34, 24, 21, 1
2017/3/8, 90, 51, 32, 24, 2
2017/3/9, 114, 65, 38, 29, 1
2017/3/10, 111, 24, 31, 25, 1
2017/3/11, 54, 25, 40, 23, 1
2017/3/12, 65, 44, 25, 35, 1
2017/3/13, 102, 23, 25, 27, 
2017/3/14, 59, 36, 36, 21, 2
2017/3/15, 67, 45, 37, 24, 2
2017/3/16, 82, 42, 27, 21, 1
2017/3/17, 101, 40, 28, 23, 1
2017/3/18, 89, 33, 20, 22, 1
2017/3/19, 76, 28, 30, 23, 1
2017/3/20, 70, 29, 32, 21, 1
2017/3/21, 77, 46, 37, 23, 1
2017/3/22, 83, 41, 36, 24, 2
2017/3/23, 91, 30, 42, 23, 1
2017/3/24, 68, 27, 30, 25, 
2017/3/25, 63, 20, 25, 15, 1
2017/3/26, 37, 44, 42, 23, 2
2017/3/27, 68, 56, 50, 24, 2
2017/3/28, 91, 55, 48, 26, 2
2017/3/29, 94, 56, 40, 26, 2
2017/3/30, 107, 39, 28, 29, 1
2017/3/31, 88, 16, 39, 20, 1
2016/10/1, 55, 11, 23, 14, 
2016/10/2, 36, 12, 20, 14, 1
2016/10/3, 29, 16, 21, 18, 2
2016/10/4, 47, 25, 35, 18, 2
2016/10/5, 73, 20, 33, 16, 1
2016/10/6, 59, 20, 19, 19, 1
2016/10/7, 57, 23, 23, 14, 1
2016/10/8, 66, 20, 33, 12, 1
2016/10/9, 58, 29, 36, 13, 1
2016/10/10, 73, 14, 25, 16, 1
2016/10/11, 40, 16, 22, 14, 
2016/10/12, 59, 23, 37, 15, 1
2016/10/13, 61, 34, 39, 16, 1
2016/10/14, 81, 34, 39, 18, 1
2016/10/15, 78, 30, 36, 15, 1
2016/10/16, 73, 33, 22, 12, 1
2016/10/17, 76, 16, 15, 9, 1
2016/10/18, 28, 14, 21, 17, 1
2016/10/19, 35, 32, 39, 28, 2
2016/10/20, 76, 23, 32, 9, 1
2016/10/21, 64, 36, 34, 13, 2
2016/10/22, 79, 26, 18, 19, 3
2016/10/23, 76, 15, 12, 17, 2
2016/10/24, 52, 18, 22, 21, 2
2016/10/25, 59, 24, 23, 19, 2
2016/10/26, 69, 20, 19, 17, 1
2016/10/27, 53, 15, 16, 19, 2
2016/10/28, 34, 29, 30, 18, 2
2016/10/29, 76, 32, 34, 12, 1
2016/10/30, 77, 42, 38, 19, 2
2016/10/31, 89, 30, 25, 15, 1
2016/11/1, 73, 24, 29, 13, 1
2016/11/2, 64, 26, 32, 15, 1
2016/11/3, 67, 29, 32, 24, 1
2016/11/4, 69, 34, 34, 23, 1
2016/11/5, 89, 38, 42, 21, 1
2016/11/6, 94, 36, 36, 21, 1
2016/11/7, 94, 38, 29, 21, 1
2016/11/8, 87, 28, 19, 18, 1
2016/11/9, 69, 16, 10, 21, 
2016/11/10, 42, 24, 20, 23, 1
2016/11/11, 61, 36, 36, 23, 2
2016/11/12, 86, 31, 37, 20, 2
2016/11/13, 80, 28, 30, 28, 3
2016/11/14, 76, 48, 42, 33, 3
2016/11/15, 114, 41, 36, 19, 1
2016/11/16, 94, 46, 37, 21, 2
2016/11/17, 102, 51, 37, 22, 2
2016/11/18, 118, 41, 31, 22, 2
2016/11/19, 97, 30, 31, 16, 2
2016/11/20, 75, 23, 21, 17, 1
2016/11/21, 43, 13, 18, 16, 1
2016/11/22, 41, 6, 19, 16, 1
2016/11/23, 16, 11, 15, 14, 
2016/11/24, 38, 18, 21, 16, 
2016/11/25, 51, 16, 14, 17, 
2016/11/26, 54, 9, 21, 15, 
2016/11/27, 30, 20, 28, 18, 2
2016/11/28, 55, 43, 26, 25, 2
2016/11/29, 81, 44, 33, 21, 2
2016/11/30, 86, 50, 32, 23, 2
2016/12/1, 106, 52, 35, 20, 2
2016/12/2, 119, 55, 34, 21, 3
2016/12/3, 124, 48, 33, 26, 3
2016/12/4, 105, 57, 27, 36, 3
2016/12/5, 135, 45, 27, 18, 3
2016/12/6, 95, 60, 38, 27, 4
2016/12/7, 139, 64, 41, 28, 4
2016/12/8, 146, 48, 36, 27, 2
2016/12/9, 120, 46, 48, 25, 3
2016/12/10, 89, 42, 41, 14, 1
2016/12/11, 91, 38, 32, 24, 1
2016/12/12, 76, 33, 31, 33, 2
2016/12/13, 78, 37, 36, 22, 1
2016/12/14, 80, 37, 39, 17, 1
2016/12/15, 74, , 38, 18, 2
2016/12/31, 99, , , , 
2016/7/1, 17, 12, 15, 9, 1
2016/7/2, 28, 10, 15, 9, 1
2016/7/3, 31, 8, 15, 9, 1
2016/7/4, 24, 10, 14, 15, 
2016/7/5, 22, 15, 16, 19, 
2016/7/6, 39, 20, 29, 13, 1
2016/7/7, 44, 39, 111, 25, 6
2016/7/8, 95, 53, 103, 29, 9
2016/7/9, 121, 16, 30, 17, 1
2016/7/10, 47, 16, 23, 17, 1
2016/7/11, 42, 9, 21, 12, 2
2016/7/12, 28, 16, 12, 19, 1
2016/7/13, 40, 20, 17, 15, 2
2016/7/14, 43, 24, 19, 8, 1
2016/7/15, 50, 21, 17, 8, 1
2016/7/16, 49, 18, 17, 7, 1
2016/7/17, 43, 17, 14, 7, 1
2016/7/18, 45, 15, 13, 7, 1
2016/7/19, 39, 14, 14, 8, 1
2016/7/20, 34, 12, 17, 9, 2
2016/7/21, 33, 12, 14, 10, 2
2016/7/22, 35, 12, 19, 12, 2
2016/7/23, 43, 10, 18, 10, 2
2016/7/24, 30, 9, 12, 12, 2
2016/7/25, 26, 16, 13, 15, 1
2016/7/26, 49, 11, 15, 11, 1
2016/7/27, 28, 14, 13, 11, 3
2016/7/28, 39, 14, 34, 14, 2
2016/7/29, 37, 27, 34, 27, 4
2016/7/30, 64, 36, 36, 18, 2
2016/7/31, 84, 40, 77, 30, 6
2016/8/1, 97, 15, 19, 25, 2
2016/8/2, 36, 19, 15, 21, 2
2016/8/3, 49, 13, 8, 18, 1
2016/8/4, 41, 16, 15, 18, 2
2016/8/5, 40, 18, 31, 20, 4
2016/8/6, 45, 19, 38, 15, 2
2016/8/7, 58, 23, 30, 18, 3
2016/8/8, 64, 25, 18, 32, 2
2016/8/9, 63, 22, 20, 29, 2
2016/8/10, 64, 17, 24, 26, 1
2016/8/11, 58, 13, 28, 21, 3
2016/8/12, 50, 17, 22, 18, 2
2016/8/13, 52, 8, 20, 13, 
2016/8/14, 23, 11, 18, 17, 
2016/8/15, 19, 5, 16, 19, 
2016/8/16, 12, 8, 16, 16, 
2016/8/17, 22, 16, 17, 16, 
2016/8/18, 36, 22, 16, 20, 1
2016/8/19, 49, 33, 18, 22, 2
2016/8/20, 68, 16, 33, 24, 1
2016/8/21, 51, 23, 35, 16, 1
2016/8/22, 60, 15, 22, 17, 2
2016/8/23, 41, 21, 23, 17, 2
2016/8/24, 61, 28, 27, 17, 2
2016/8/25, 82, 24, 35, 23, 4
2016/8/26, 69, 24, 42, 23, 3
2016/8/27, 64, 28, 34, 17, 
2016/8/28, 82, 41, 34, 17, 1
2016/8/29, 99, 33, 55, 19, 3
2016/8/30, 81, 31, 49, 17, 4
2016/8/31, 82, 12, 21, 14, 1
2016/9/1, 35, 11, 16, 15, 1
2016/9/2, 21, 16, 32, 18, 1
2016/9/3, 45, 29, 35, 16, 1
2016/9/4, 80, 23, 30, 17, 
2016/9/5, 68, 9, 15, 21, 2
2016/9/6, 28, 11, 20, 16, 1
2016/9/7, 36, 9, 12, 21, 2
2016/9/8, 24, 11, 14, 18, 1
2016/9/9, 34, 11, 7, 20, 2
2016/9/10, 31, 8, 14, 15, 1
2016/9/11, 30, 17, 29, 18, 1
2016/9/12, 47, 16, 29, 19, 1
2016/9/13, 52, 37, 56, 29, 3
2016/9/14, 91, 31, 32, 24, 2
2016/9/15, 72, 11, 29, 15, 
2016/9/16, 38, 23, 35, 21, 2
2016/9/17, 56, 19, 35, 15, 2
2016/9/18, 50, 23, 30, 16, 1
2016/9/19, 63, 33, 40, 19, 1
2016/9/20, 93, 35, 43, 18, 1
2016/9/21, 80, 32, 42, 18, 1
2016/9/22, 71, 28, 32, 17, 1
2016/9/23, 65, 28, 35, 17, 1
2016/9/24, 62, 35, 45, 15, 1
2016/9/25, 82, 43, 56, 21, 4
2016/9/26, 104, 59, 61, 29, 5
2016/9/27, 136, 55, 43, 25, 3
2016/9/28, 120, 33, 27, 27, 1
2016/9/29, 76, 45, 20, 41, 4
2016/9/30, 103, 21, 18, 18, 1
2016/4/1, 109, 55, 20, 28, 3
2016/4/2, 111, 42, 20, 24, 5
2016/4/3, 85, 30, 12, 22, 5
2016/4/4, 57, 29, 10, 31, 5
2016/4/5, 37, 28, 9, 23, 3
2016/4/6, 62, 24, 8, 23, 1
2016/4/7, 67, 28, 13, 20, 2
2016/4/8, 64, 24, 17, 16, 1
2016/4/9, 61, 22, 27, 23, 1
2016/4/10, 50, 16, 33, 22, 
2016/4/11, 36, 25, 34, 25, 2
2016/4/12, 48, 19, 21, 37, 3
2016/4/13, 43, 27, 23, 30, 3
2016/4/14, 59, 22, 35, 29, 3
2016/4/15, 58, 47, 30, 17, 4
2016/4/16, 80, 23, 15, 14, 5
2016/4/17, 69, 18, 26, 27, 4
2016/4/18, 46, 29, 47, 20, 3
2016/4/19, 51, 41, 44, 25, 3
2016/4/20, 69, 31, 23, 30, 5
2016/4/21, 79, 24, 13, 35, 6
2016/4/22, 64, 23, 32, 27, 7
2016/4/23, 47, 21, 19, 33, 5
2016/4/24, 51, 23, 20, 22, 4
2016/4/25, 54, 19, 22, 10, 2
2016/4/26, 48, 25, 30, 20, 5
2016/4/27, 65, 39, 34, 32, 5
2016/4/28, 78, 41, 61, 21, 3
2016/4/29, 84, 55, 74, 24, 4
2016/4/30, 109, 35, 43, 20, 2
2016/5/1, 82, 40, 33, 21, 2
2016/5/2, 98, 20, 18, 17, 3
2016/5/3, 52, 21, 21, 30, 4
2016/5/4, 49, 18, 17, 13, 3
2016/5/5, 52, 21, 18, 11, 3
2016/5/6, 59, 18, 20, 14, 5
2016/5/7, 53, 18, 22, 16, 5
2016/5/8, 42, 15, 24, 15, 5
2016/5/9, 44, 20, 23, 19, 4
2016/5/10, 31, 27, 49, 23, 
2016/5/11, 68, 37, 57, 20, 1
2016/5/12, 81, 38, 42, 22, 2
2016/5/13, 79, 36, 35, 18, 1
2016/5/14, 74, 29, 30, 17, 2
2016/5/15, 56, 31, 56, 23, 2
2016/5/16, 62, 30, 49, 19, 1
2016/5/17, 42, 35, 57, 23, 2
2016/5/18, 59, 34, 50, 25, 2
2016/5/19, 61, 25, 34, 25, 1
2016/5/20, 55, 14, 40, 26, 2
2016/5/21, 37, 17, 45, 23, 2
2016/5/22, 38, 22, 41, 23, 2
2016/5/23, 54, 38, 75, 28, 8
2016/5/24, 94, 24, 38, 20, 2
2016/5/25, 67, 24, 32, 17, 1
2016/5/26, 66, 15, 27, 15, 1
2016/5/27, 33, 17, 30, 16, 
2016/5/28, 37, 19, 23, 9, 
2016/5/29, 41, 16, 22, 8, 1
2016/5/30, 37, 14, 20, 10, 2
2016/5/31, 34, 14, 22, 8, 1
2016/6/1, 34, 17, 27, 9, 1
2016/6/2, 36, 19, 28, 8, 1
2016/6/3, 43, 19, 26, 17, 2
2016/6/4, 46, 13, 21, 23, 1
2016/6/5, 36, 10, 17, 28, 1
2016/6/6, 27, 12, 27, 21, 2
2016/6/7, 34, 11, 20, 24, 1
2016/6/8, 27, 8, 27, 16, 1
2016/6/9, 24, 10, 26, 17, 
2016/6/10, 25, 7, 31, 17, 1
2016/6/11, 15, 10, 31, 11, 
2016/6/12, 28, 22, 30, 11, 
2016/6/13, 50, 22, 28, 9, 1
2016/6/14, 47, 22, 28, 8, 
2016/6/15, 45, 19, 25, 13, 1
2016/6/16, 40, 14, 22, 17, 2
2016/6/17, 36, 11, 15, 10, 1
2016/6/18, 26, 9, 17, 11, 2
2016/6/19, 24, 13, 15, 12, 2
2016/6/20, 26, 11, 18, 10, 2
2016/6/21, 23, 7, 20, 9, 2
2016/6/22, 23, 8, 19, 12, 5
2016/6/23, 26, 8, 17, 12, 2
2016/6/24, 26, 7, 13, 13, 2
2016/6/25, 19, 9, 18, 12, 1
2016/6/26, 30, 12, 13, 13, 1
2016/6/27, 36, 8, 11, 10, 
2016/6/28, 25, 11, 13, 14, 
2016/6/29, 25, 10, 17, 11, 
2016/6/30, 19, 6, 16, 9, 1
2016/1/4, 51, 25, 11, 31, 2
2016/1/5, 71, 18, 16, 29, 1
2016/1/6, 55, 24, 24, 22, 1
2016/1/7, 67, 32, 25, 26, 2
2016/1/8, 80, 39, 29, 19, 2
2016/1/9, 90, 48, 28, 20, 3
2016/1/10, 106, 19, 18, 24, 1
2016/1/11, 58, 17, 11, 21, 1
2016/1/12, 49, 26, 23, 20, 2
2016/1/13, 74, 38, 23, 21, 2
2016/1/14, 89, 26, 23, 21, 1
2016/1/15, 73, 33, 20, 18, 1
2016/1/16, 79, 22, 18, 24, 2
2016/1/17, 74, 23, 24, 20, 2
2016/1/18, 61, 38, 29, 20, 3
2016/1/19, 89, 46, 32, 18, 1
2016/1/20, 123, 22, 16, 22, 1
2016/1/21, 63, 11, 6, 19, 1
2016/1/22, 43, 15, 15, 15, 2
2016/1/23, 45, 33, 22, 10, 3
2016/1/24, 78, , 26, 20, 3
2016/2/2, 78, 24, 11, 22, 1
2016/2/3, 71, 43, 14, 34, 3
2016/2/4, 105, 31, 18, 25, 1
2016/2/5, 84, 42, 33, 13, 3
2016/2/6, 85, 32, 30, 19, 2
2016/2/7, 61, 36, 28, 26, 3
2016/2/8, 73, 37, 26, 24, 2
2016/2/9, 67, 30, 24, 20, 1
2016/2/10, 62, 70, 20, 24, 1
2016/2/11, 90, 18, 6, 31, 1
2016/2/12, 67, 13, 12, 18, 1
2016/2/13, 43, 17, 10, 25, 2
2016/2/14, 60, 17, 17, 17, 1
2016/2/15, 46, 23, 9, 19, 1
2016/2/16, 60, 42, 13, 20, 1
2016/2/17, 86, 26, 11, 23, 1
2016/2/18, 75, 28, 14, 31, 1
2016/2/19, 76, 31, 25, 25, 2
2016/2/20, 80, , 30, 17, 3
2016/2/22, 107, 27, 3, 27, 
2016/2/23, 79, 13, 9, 17, 1
2016/2/24, 37, 24, 12, 18, 1
2016/2/25, 63, 47, 18, 24, 1
2016/2/26, 94, 48, 15, 31, 2
2016/2/27, 112, 23, 27, 27, 2
2016/2/28, 65, 35, 31, 33, 2
2016/2/29, 75, 74, 40, 23, 2
2016/3/1, 141, 54, 41, 25, 2
2016/3/2, 107, 38, 26, 33, 2
2016/3/3, 78, 36, 21, 31, 2
2016/3/4, 77, 29, 21, 31, 2
2016/3/5, 70, 23, 8, 36, 7
2016/3/6, 62, 31, 13, 32, 3
2016/3/7, 81, 38, 18, 29, 1
2016/3/8, 93, 32, 10, 27, 1
2016/3/9, 83, 9, 21, 18, 
2016/3/10, 23, 14, 10, 21, 1
2016/3/11, 38, 37, 19, 21, 1
2016/3/12, 85, 23, 17, 26, 1
2016/3/13, 72, 21, 12, 21, 1
2016/3/14, 41, 52, 27, 24, 2
2016/3/15, 79, 42, 26, 26, 
2016/3/16, 80, 22, 18, 30, 
2016/3/17, 40, 44, 8, 38, 1
2016/3/18, 76, 33, 7, 25, 2
2016/3/19, 66, 46, 34, 22, 1
2016/3/20, 83, 33, 30, 28, 1
2016/3/21, 64, 28, 32, 26, 
2016/3/22, 47, 29, 20, 33, 
2016/3/23, 50, 17, 26, 21, 
2016/3/24, 21, 38, 19, 25, 
2016/3/25, 65, 48, 35, 28, 3
2016/3/26, 83, 42, 44, 25, 5
2016/3/27, 71, 53, 49, 23, 5
2016/3/28, 91, 49, 33, 33, 4
2016/3/29, 80, 59, 32, 36, 5
2016/3/30, 96, 66, 12, 50, 9
2016/3/31, 118, 52, 14, 42, 9
2015/10/1, 84, 29, 29, 18, 
2015/10/2, 73, 31, 25, 12, 
2015/10/3, 74, 20, 19, 10, 
2015/10/4, 33, 19, 14, 13, 1
2015/10/5, 33, 21, 17, 17, 1
2015/10/6, 44, 17, 14, 18, 1
2015/10/7, 45, 25, 66, 27, 5
2015/10/8, 61, 24, 28, 24, 1
2015/10/9, 63, 25, 20, 17, 1
2015/10/10, 67, 20, 26, 15, 
2015/10/11, 52, 28, 26, 22, 2
2015/10/12, 60, 51, 62, 24, 3
2015/10/13, 103, 59, 76, 27, 3
2015/10/14, 128, 52, 59, 26, 2
2015/10/15, 116, 55, 53, 28, 5
2015/10/16, 131, 50, 50, 26, 3
2015/10/17, 117, 48, 63, 21, 3
2015/10/18, 101, 53, 53, 28, 4
2015/10/19, 117, 51, 37, 31, 4
2015/10/20, 113, 32, 32, 22, 2
2015/10/21, 80, 28, 34, 25, 3
2015/10/22, 65, 40, 48, 22, 5
2015/10/23, 85, 35, 34, 21, 2
2015/10/24, 83, 31, 29, 14, 1
2015/10/25, 70, 32, 28, 20, 1
2015/10/26, 73, 34, 27, 28, 4
2015/10/27, 83, 38, 24, 32, 6
2015/10/28, 89, 39, 31, 21, 1
2015/10/29, 91, 37, 28, 23, 2
2015/10/30, 87, 31, 31, 18, 2
2015/10/31, 74, 28, 26, 16, 2
2015/11/1, 68, 23, 27, 22, 2
2015/11/2, 55, 40, 38, 22, 3
2015/11/3, 90, 45, 44, 22, 3
2015/11/4, 105, 33, 31, 22, 3
2015/11/5, 76, 20, 23, 19, 1
2015/11/6, 53, 20, 17, 20, 2
2015/11/7, 48, 19, 18, 18, 2
2015/11/8, 49, 15, 16, 18, 2
2015/11/9, 37, 30, 34, 18, 1
2015/11/10, 69, 37, 38, 20, 1
2015/11/11, 87, 31, 30, 20, 1
2015/11/12, 68, 29, 27, 24, 1
2015/11/13, 70, 26, 30, 26, 2
2015/11/14, 68, 26, 32, 17, 2
2015/11/15, 69, 34, 29, 21, 1
2015/11/16, 63, 26, 21, 23, 2
2015/11/17, 62, 17, 16, 23, 1
2015/11/18, 53, 20, 19, 22, 2
2015/11/19, 55, 35, 31, 22, 1
2015/11/20, 84, 35, 36, 20, 3
2015/11/21, 80, 34, 39, 17, 3
2015/11/22, 79, 30, 37, 22, 2
2015/11/23, 72, 27, 34, 19, 2
2015/11/24, 60, 36, 35, 19, 2
2015/11/25, 68, 27, 26, 20, 2
2015/11/26, 44, 32, 32, 19, 3
2015/11/27, 60, 41, 35, 21, 3
2015/11/28, 78, 45, 39, 26, 3
2015/11/29, 97, 60, 36, 32, 5
2015/11/30, 136, 35, 31, 23, 2
2015/12/1, 85, 32, 27, 25, 2
2015/12/2, 73, 28, 12, 21, 1
2015/12/3, 69, 25, 13, 19, 2
2015/12/4, 59, 42, 20, 20, 3
2015/12/5, 81, 11, 11, 20, 1
2015/12/6, 30, 19, 15, 23, 2
2015/12/7, 50, 22, 14, 23, 2
2015/12/8, 59, 17, 15, 24, 1
2015/12/9, 49, 23, 7, 32, 2
2015/12/10, 63, 16, 18, 22, 2
2015/12/11, 44, 39, 26, 19, 2
2015/12/12, 75, 39, 29, 19, 2
2015/12/13, 90, 35, 23, 28, 2
2015/12/14, 81, 29, 15, 25, 2
2015/12/15, 65, 53, 29, 18, 6
2015/12/16, 119, 38, 29, 17, 5
2015/12/17, 64, 43, 27, 23, 4
2015/12/18, 76, 39, 21, 29, 3
2015/12/19, 81, 40, 21, 28, 3
2015/12/20, 92, 19, 19, 25, 1
2015/12/21, 58, 31, 19, 24, 2
2015/12/22, 75, 46, 13, 32, 3
2015/12/23, 113, 36, 12, 31, 3
2015/12/24, 92, 19, 15, 23, 2
2015/12/25, 56, 27, 19, 21, 2
2015/12/26, 70, 40, 8, 24, 2
2015/12/27, 93, 18, 12, 19, 1
2015/12/28, 49, 39, 27, 22, 2
2015/12/29, 86, 47, 21, 20, 2
2015/12/30, 114, , , , 
2016/1/3, 58, 17, 13, 26, 1
2015/7/1, 44, 24, 22, 9, 
2015/7/2, 52, 24, 23, 13, 1
2015/7/3, 52, 22, 19, 15, 2
2015/7/4, 51, 23, 25, 17, 2
2015/7/5, 57, 34, 47, 29, 2
2015/7/6, 81, 29, 38, 18, 1
2015/7/7, 67, 32, 49, 22, 2
2015/7/8, 71, 31, 24, 21, 1
2015/7/9, 73, 19, 15, 14, 1
2015/7/10, 43, 37, 124, 22, 7
2015/7/11, 86, 45, 90, 15, 5
2015/7/12, 116, 27, 36, 15, 3
2015/7/13, 73, 12, 22, 17, 2
2015/7/14, 36, 16, 21, 15, 2
2015/7/15, 49, 18, 26, 17, 2
2015/7/16, 51, 15, 19, 23, 3
2015/7/17, 45, 18, 19, 19, 2
2015/7/18, 48, 26, 29, 14, 1
2015/7/19, 71, 9, 21, 16, 
2015/7/20, 22, 9, 29, 10, 
2015/7/21, 14, 14, 14, 15, 
2015/7/22, 33, 20, 16, 13, 
2015/7/23, 44, 23, 17, 8, 
2015/7/24, 41, 22, 18, 10, 
2015/7/25, 44, 20, 19, 8, 
2015/7/26, 43, 22, 21, 9, 
2015/7/27, 49, 15, 15, 11, 1
2015/7/28, 37, 11, 11, 13, 2
2015/7/29, 33, 9, 10, 12, 1
2015/7/30, 24, 8, 16, 15, 2
2015/7/31, 23, 9, 13, 13, 1
2015/8/1, 25, 9, 14, 13, 2
2015/8/2, 21, 12, 14, 14, 1
2015/8/3, 34, 14, 14, 14, 3
2015/8/4, 41, 16, 13, 15, 3
2015/8/5, 53, 18, 14, 18, 4
2015/8/6, 52, 39, 112, 33, 7
2015/8/7, 95, 57, 58, 34, 5
2015/8/8, 130, 51, 61, 22, 6
2015/8/9, 115, 15, 24, 16, 
2015/8/10, 49, 13, 15, 16, 2
2015/8/11, 38, 12, 13, 15, 3
2015/8/12, 33, 9, 13, 11, 
2015/8/13, 19, 14, 10, 22, 1
2015/8/14, 34, 15, 13, 22, 2
2015/8/15, 35, 18, 15, 11, 1
2015/8/16, 35, 17, 18, 9, 1
2015/8/17, 36, 15, 14, 9, 1
2015/8/18, 33, 14, 16, 11, 2
2015/8/19, 38, 21, 20, 26, 2
2015/8/20, 56, 45, 44, 36, 4
2015/8/21, 109, 41, 66, 32, 3
2015/8/22, 100, 47, 93, 30, 5
2015/8/23, 114, 54, 76, 37, 6
2015/8/24, 131, 52, 45, 37, 5
2015/8/25, 122, 40, 32, 21, 2
2015/8/26, 98, 19, 26, 17, 1
2015/8/27, 58, 12, 23, 18, 2
2015/8/28, 40, 10, 12, 18, 1
2015/8/29, 33, 8, 10, 18, 1
2015/8/30, 26, 11, 13, 21, 1
2015/8/31, 27, 12, 10, 22, 1
2015/9/1, 27, 12, 7, 22, 1
2015/9/2, 26, 14, 10, 16, 1
2015/9/3, 35, 11, 12, 14, 1
2015/9/4, 30, 14, 12, 15, 3
2015/9/5, 42, 15, 21, 11, 1
2015/9/6, 46, 19, 19, 19, 1
2015/9/7, 57, 29, 44, 19, 1
2015/9/8, 69, 25, 37, 17, 1
2015/9/9, 57, 25, 33, 20, 1
2015/9/10, 54, 28, 39, 22, 1
2015/9/11, 66, 34, 43, 21, 2
2015/9/12, 82, 37, 66, 15, 2
2015/9/13, 88, 35, 47, 16, 1
2015/9/14, 79, 33, 34, 16, 1
2015/9/15, 67, 27, 29, 17, 1
2015/9/16, 64, 24, 35, 18, 1
2015/9/17, 58, 32, 44, 22, 2
2015/9/18, 79, 34, 40, 20, 3
2015/9/19, 88, 33, 37, 13, 3
2015/9/20, 88, 29, 28, 21, 1
2015/9/21, 82, 19, 16, 20, 1
2015/9/22, 55, 14, 17, 16, 1
2015/9/23, 43, 13, 12, 16, 4
2015/9/24, 42, 15, 19, 15, 2
2015/9/25, 48, 26, 28, 29, 2
2015/9/26, 73, 30, 36, 20, 1
2015/9/27, 77, 38, 66, 18, 1
2015/9/28, 94, 53, 86, 33, 5
2015/9/29, 113, 47, 67, 19, 4
2015/9/30, 116, 29, 31, 20, 1
2015/4/1, 73, 19, 10, 16, 1
2015/4/2, 57, 18, 11, 17, 1
2015/4/3, 49, 19, 12, 17, 1
2015/4/4, 56, 26, 19, 19, 1
2015/4/5, 78, 17, 10, 15, 1
2015/4/6, 41, 24, 24, 17, 1
2015/4/7, 55, 22, 14, 16, 
2015/4/8, 57, 26, 12, 19, 
2015/4/9, 67, 18, 5, 24, 
2015/4/10, 49, 11, 8, 22, 
2015/4/11, 31, 19, 22, 28, 1
2015/4/12, 60, 53, 52, 38, 4
2015/4/13, 125, 50, 41, 23, 4
2015/4/14, 80, 42, 47, 33, 5
2015/4/15, 70, 32, 42, 38, 5
2015/4/16, 67, 25, 41, 28, 2
2015/4/17, 58, 23, 13, 17, 1
2015/4/18, 62, 23, 14, 9, 
2015/4/19, 61, 28, 14, 16, 2
2015/4/20, 67, 24, 24, 26, 1
2015/4/21, 60, 36, 47, 20, 1
2015/4/22, 81, 42, 51, 26, 2
2015/4/23, 83, 55, 42, 27, 4
2015/4/24, 113, 41, 39, 23, 2
2015/4/25, 85, 41, 43, 17, 2
2015/4/26, 76, 39, 38, 22, 2
2015/4/27, 79, 30, 12, 23, 5
2015/4/28, 78, , 17, 18, 3
2015/4/30, 53, 18, 12, 17, 2
2015/5/1, 57, 12, 13, 10, 
2015/5/2, 40, 14, 14, 10, 1
2015/5/3, 39, 15, 17, 11, 1
2015/5/4, 45, 15, 27, 14, 1
2015/5/5, 44, 28, 23, 17, 
2015/5/6, 80, 13, 10, 14, 1
2015/5/7, 41, 10, 7, 10, 1
2015/5/8, 30, 11, 18, 13, 
2015/5/9, 30, 16, 13, 20, 1
2015/5/10, 44, 19, 12, 21, 
2015/5/11, 51, 17, 26, 26, 1
2015/5/12, 40, 32, 38, 24, 1
2015/5/13, 66, 13, 10, 15, 1
2015/5/14, 43, 12, 15, 13, 1
2015/5/15, 36, 16, 12, 21, 2
2015/5/16, 47, 13, 21, 20, 2
2015/5/17, 30, 14, 14, 14, 2
2015/5/18, 29, 18, 15, 9, 1
2015/5/19, 39, 20, 16, 13, 1
2015/5/20, 50, 14, 28, 24, 
2015/5/21, 36, 18, 24, 25, 
2015/5/22, 54, 13, 23, 31, 
2015/5/23, 42, 25, 7, 35, 4
2015/5/24, 61, 23, 19, 25, 4
2015/5/25, 60, 18, 12, 27, 
2015/5/26, 45, 23, 14, 12, 
2015/5/27, 47, 24, 18, 11, 1
2015/5/28, 50, 25, 19, 11, 1
2015/5/29, 50, 25, 20, 12, 1
2015/5/30, 50, 18, 16, 15, 1
2015/5/31, 42, 18, 15, 10, 1
2015/6/1, 41, 12, 14, 7, 1
2015/6/2, 27, 10, 13, 8, 1
2015/6/3, 23, 10, 13, 8, 1
2015/6/4, 26, 10, 11, 10, 2
2015/6/5, 27, 12, 13, 15, 2
2015/6/6, 34, 9, 18, 7, 1
2015/6/7, 26, 11, 14, 10, 1
2015/6/8, 33, 11, 15, 8, 1
2015/6/9, 27, 15, 17, 8, 1
2015/6/10, 34, 18, 15, 8, 1
2015/6/11, 38, 13, 12, 15, 2
2015/6/12, 37, 10, 11, 9, 2
2015/6/13, 31, 8, 15, 9, 1
2015/6/14, 26, 10, 16, 14, 2
2015/6/15, 25, 8, 16, 11, 3
2015/6/16, 24, 9, 13, 9, 4
2015/6/17, 27, 9, 13, 9, 4
2015/6/18, 26, 8, 12, 12, 6
2015/6/19, 23, 8, 16, 15, 2
2015/6/20, 23, 12, 14, 14, 
2015/6/21, 30, 10, 11, 17, 
2015/6/22, 20, 11, 17, 18, 
2015/6/23, 24, 16, 12, 18, 1
2015/6/24, 33, 23, 16, 11, 
2015/6/25, 46, 18, 16, 10, 1
2015/6/26, 34, 20, 18, 10, 1
2015/6/27, 43, 18, 18, 8, 1
2015/6/28, 43, 15, 16, 10, 1
2015/6/29, 36, 19, 22, 8, 1
2015/6/30, 47, 20, 25, 6, 
2015/1/1, 116, 75, 33, 23, 5
2015/1/2, 143, 49, 26, 26, 3
2015/1/3, 86, 45, 29, 25, 3
2015/1/4, 92, 40, 21, 30, 2
2015/1/5, 87, 37, 16, 34, 3
2015/1/6, 96, 41, 11, 30, 2
2015/1/7, 99, 42, 27, 24, 3
2015/1/8, 102, 60, 30, 25, 5
2015/1/9, 136, 59, 32, 29, 4
2015/1/10, 129, 59, 28, 22, 4
2015/1/11, 129, 47, 25, 20, 2
2015/1/12, 111, 12, 21, 26, 
2015/1/13, 38, 20, 15, 25, 1
2015/1/14, 55, 25, 18, 29, 1
2015/1/15, 68, 41, 19, 38, 2
2015/1/16, 91, 49, 34, 26, 3
2015/1/17, 112, 69, 28, 22, 4
2015/1/18, 155, 62, 30, 28, 5
2015/1/19, 142, 66, 29, 29, 4
2015/1/20, 129, 87, 25, 67, 9
2015/1/21, 154, 56, 24, 40, 4
2015/1/22, 113, 55, 35, 32, 3
2015/1/23, 111, 60, 32, 25, 3
2015/1/24, 129, 54, 22, 26, 3
2015/1/25, 115, 49, 19, 30, 4
2015/1/26, 121, 44, 25, 26, 1
2015/1/27, 113, 30, 24, 18, 
2015/1/28, 75, 35, 19, 24, 1
2015/1/29, 80, 46, 21, 30, 3
2015/1/30, 111, 42, 20, 21, 1
2015/1/31, 98, 56, 21, 18, 2
2015/2/1, 135, 40, 24, 23, 2
2015/2/2, 83, 37, 19, 24, 2
2015/2/3, 85, 63, 20, 29, 3
2015/2/4, 132, 38, 17, 23, 2
2015/2/5, 91, 59, 24, 25, 3
2015/2/6, 150, 65, 28, 30, 3
2015/2/7, 146, 66, 40, 18, 6
2015/2/8, 154, 72, 34, 24, 4
2015/2/9, 151, 60, 29, 27, 4
2015/2/10, 120, 73, 22, 51, 9
2015/2/11, 139, 83, 28, 46, 9
2015/2/12, 167, 61, 30, 35, 2
2015/2/13, 106, 63, 32, 30, 2
2015/2/14, 110, 64, 34, 31, 1
2015/2/15, 116, 62, 8, 47, 15
2015/2/16, 142, 52, 22, 36, 6
2015/2/17, 128, 66, 31, 21, 1
2015/2/18, 142, 68, 34, 17, 1
2015/2/19, 131, 49, 28, 18, 
2015/2/20, 87, 48, 18, 26, 3
2015/2/21, 84, 30, 11, 28, 1
2015/2/22, 91, 23, 12, 23, 
2015/2/23, 68, 42, 13, 24, 
2015/2/24, 101, 39, 11, 26, 
2015/2/25, 83, 25, 11, 26, 2
2015/2/26, 67, 29, 16, 23, 
2015/2/27, 62, 27, 22, 21, 
2015/2/28, 62, 20, 12, 27, 1
2015/3/1, 51, 38, 21, 20, 
2015/3/2, 72, 58, 20, 32, 1
2015/3/3, 120, 25, 18, 25, 1
2015/3/4, 81, 26, 19, 23, 
2015/3/5, 72, 35, 11, 24, 
2015/3/6, 89, 39, 17, 21, 
2015/3/7, 95, 23, 19, 22, 
2015/3/8, 60, 31, 20, 39, 5
2015/3/9, 80, 46, 31, 18, 1
2015/3/10, 79, 55, 23, 20, 1
2015/3/11, 121, 13, 8, 20, 1
2015/3/12, 44, 28, 17, 27, 1
2015/3/13, 66, 36, 21, 32, 1
2015/3/14, 81, 40, 15, 29, 1
2015/3/15, 94, 35, 11, 31, 5
2015/3/16, 102, 34, 7, 27, 1
2015/3/17, 90, 29, 8, 26, 1
2015/3/18, 82, 27, 7, 25, 2
2015/3/19, 77, 28, 13, 25, 1
2015/3/20, 78, 42, 21, 30, 1
2015/3/21, 110, 40, 33, 18, 1
2015/3/22, 86, 60, 44, 27, 4
2015/3/23, 104, 51, 31, 18, 1
2015/3/24, 110, 46, 25, 20, 2
2015/3/25, 82, 48, 20, 24, 1
2015/3/26, 101, 29, 11, 33, 
2015/3/27, 74, 31, 30, 31, 2
2015/3/28, 76, 31, 31, 23, 1
2015/3/29, 83, 42, 27, 28, 2
2015/3/30, 101, 29, 15, 27, 2
2015/3/31, 80, 27, 6, 23, 2
2014/10/1, 74, 27, 48, 17, 2
2014/10/2, 74, 39, 23, 27, 4
2014/10/3, 102, 39, 32, 26, 1
2014/10/4, 95, 53, 48, 19, 2
2014/10/5, 121, 50, 45, 20, 2
2014/10/6, 94, 60, 51, 21, 3
2014/10/7, 124, 52, 51, 21, 3
2014/10/8, 113, 40, 42, 25, 2
2014/10/9, 86, 38, 34, 26, 2
2014/10/10, 80, 43, 35, 24, 4
2014/10/11, 90, 47, 50, 19, 3
2014/10/12, 100, 50, 38, 21, 3
2014/10/13, 100, 59, 43, 23, 3
2014/10/14, 139, 66, 49, 25, 4
2014/10/15, 154, 63, 56, 23, 2
2014/10/16, 147, 57, 58, 24, 3
2014/10/17, 118, 50, 41, 21, 2
2014/10/18, 105, 45, 40, 17, 1
2014/10/19, 83, 46, 35, 22, 1
2014/10/20, 90, 42, 25, 37, 6
2014/10/21, 89, 48, 36, 35, 8
2014/10/22, 108, 42, 33, 23, 3
2014/10/23, 91, 50, 36, 24, 3
2014/10/24, 100, 40, 34, 22, 2
2014/10/25, 82, 42, 42, 20, 3
2014/10/26, 96, 48, 37, 21, 3
2014/10/27, 111, 51, 51, 19, 1
2014/10/28, 94, 42, 32, 21, 1
2014/10/29, 72, 41, 29, 22, 1
2014/10/30, 81, 38, 23, 23, 1
2014/10/31, 85, 35, 29, 26, 3
2014/11/1, 86, 42, 28, 17, 1
2014/11/2, 87, 50, 21, 20, 3
2014/11/3, 118, 53, 25, 25, 3
2014/11/4, 120, 45, 30, 26, 2
2014/11/5, 94, 42, 27, 27, 2
2014/11/6, 92, 45, 30, 21, 1
2014/11/7, 113, 18, 24, 25, 
2014/11/8, 55, 22, 26, 22, 1
2014/11/9, 58, 27, 21, 23, 1
2014/11/10, 65, 40, 24, 24, 2
2014/11/11, 88, 35, 12, 24, 
2014/11/12, 88, 24, 12, 19, 
2014/11/13, 65, 49, 30, 21, 2
2014/11/14, 116, 38, 26, 19, 1
2014/11/15, 78, 40, 30, 24, 2
2014/11/16, 85, 51, 23, 20, 2
2014/11/17, 119, 56, 26, 20, 4
2014/11/18, 137, 61, 27, 24, 3
2014/11/19, 138, 40, 26, 21, 2
2014/11/20, 81, 32, 24, 24, 1
2014/11/21, 69, 40, 26, 23, 2
2014/11/22, 89, 26, 24, 18, 1
2014/11/23, 64, 34, 22, 27, 2
2014/11/24, 75, 28, 12, 35, 8
2014/11/25, 64, 58, 27, 36, 7
2014/11/26, 132, 40, 27, 24, 1
2014/11/27, 97, 37, 18, 26, 3
2014/11/28, 94, 30, 12, 23, 1
2014/11/29, 76, 30, 12, 20, 1
2014/11/30, 72, 23, 10, 21, 1
2014/12/1, 61, 40, 9, 18, 1
2014/12/2, 107, 51, 16, 21, 
2014/12/3, 118, 16, 12, 21, 
2014/12/4, 41, 28, 14, 22, 2
2014/12/5, 67, 45, 27, 22, 3
2014/12/6, 83, 44, 25, 18, 3
2014/12/7, 82, 44, 25, 23, 2
2014/12/8, 98, 48, 27, 22, 3
2014/12/9, 97, 54, 21, 37, 3
2014/12/10, 123, 64, 17, 34, 6
2014/12/11, 146, 55, 21, 23, 5
2014/12/12, 109, 66, 25, 25, 6
2014/12/13, 121, 70, 35, 25, 5
2014/12/14, 139, 54, 24, 33, 3
2014/12/15, 103, 71, 28, 24, 9
2014/12/16, 125, 59, 24, 17, 6
2014/12/17, 84, 53, 19, 24, 5
2014/12/18, 88, 45, 18, 30, 1
2014/12/19, 99, 37, 24, 25, 2
2014/12/20, 87, 47, 34, 18, 5
2014/12/21, 97, 60, 29, 24, 7
2014/12/22, 131, 60, 34, 27, 4
2014/12/23, 135, 34, 16, 37, 1
2014/12/24, 88, 42, 25, 22, 2
2014/12/25, 95, 40, 21, 17, 1
2014/12/26, 108, 34, 18, 20, 1
2014/12/27, 87, 30, 13, 20, 1
2014/12/28, 90, , , , 
2014/7/1, 29, 18, 13, 14, 1
2014/7/2, 38, 16, 14, 12, 2
2014/7/3, 38, 14, 14, 11, 2
2014/7/4, 36, 13, 12, 12, 2
2014/7/5, 37, , 24, 15, 4
2014/7/7, 72, 40, 39, 39, 9
2014/7/8, 100, 40, 28, 33, 7
2014/7/9, 105, 13, 14, 16, 2
2014/7/10, 43, 8, 9, 16, 1
2014/7/11, 23, 9, 11, 14, 
2014/7/12, 21, 10, 12, 8, 1
2014/7/13, 22, 9, 10, 10, 2
2014/7/14, 17, 7, 10, 16, 2
2014/7/15, 17, 12, 13, 27, 2
2014/7/16, 33, 14, 14, 13, 
2014/7/17, 37, 20, 12, 14, 
2014/7/18, 28, 25, 10, 14, 
2014/7/19, 41, 16, 13, 15, 1
2014/7/20, 34, 16, 12, 20, 3
2014/7/21, 42, 36, 61, 41, 11
2014/7/22, 91, 36, 38, 27, 6
2014/7/23, 86, 23, 24, 13, 1
2014/7/24, 60, 12, 13, 15, 1
2014/7/25, 34, 10, 9, 17, 
2014/7/26, 23, 11, 10, 16, 
2014/7/27, 27, 11, 9, 13, 1
2014/7/28, 23, 18, 18, 20, 2
2014/7/29, 46, 26, 30, 19, 3
2014/7/30, 69, 27, 22, 21, 5
2014/7/31, 67, 23, 40, 23, 3
2014/8/1, 58, 24, 26, 28, 5
2014/8/2, 69, 19, 24, 21, 5
2014/8/3, 57, 14, 15, 16, 1
2014/8/4, 40, 17, 14, 22, 1
2014/8/5, 50, 13, 12, 21, 1
2014/8/6, 40, 10, 14, 17, 1
2014/8/7, 30, 11, 15, 14, 3
2014/8/8, 25, 12, 16, 13, 1
2014/8/9, 27, 11, 16, 11, 1
2014/8/10, 23, 16, 16, 12, 1
2014/8/11, 34, 18, 17, 16, 1
2014/8/12, 39, 13, 14, 21, 
2014/8/13, 34, 14, 13, 16, 1
2014/8/14, 29, 16, 12, 17, 2
2014/8/15, 37, 16, 18, 16, 1
2014/8/16, 44, 13, 14, 13, 1
2014/8/17, 35, 13, 12, 12, 1
2014/8/18, 31, 13, 12, 15, 1
2014/8/19, 33, 9, 4, 26, 1
2014/8/20, 28, 9, 7, 20, 2
2014/8/21, 21, 10, 10, 17, 4
2014/8/22, 25, 8, 12, 13, 3
2014/8/23, 24, 10, 15, 16, 3
2014/8/24, 30, 11, 11, 16, 2
2014/8/25, 29, 10, 12, 15, 1
2014/8/26, 27, 15, 14, 15, 1
2014/8/27, 39, 17, 11, 15, 
2014/8/28, 27, 15, 12, 15, 1
2014/8/29, 26, 23, 20, 19, 1
2014/8/30, 63, 12, 9, 14, 1
2014/8/31, 27, 11, 9, 16, 1
2014/9/1, 19, 10, 11, 18, 3
2014/9/2, 29, 13, 25, 20, 5
2014/9/3, 34, 35, 40, 37, 6
2014/9/4, 74, 32, 32, 22, 1
2014/9/5, 82, 33, 25, 20, 2
2014/9/6, 83, 19, 20, 14, 1
2014/9/7, 50, 13, 13, 19, 
2014/9/8, 29, 15, 18, 11, 2
2014/9/9, 53, 12, 12, 15, 4
2014/9/10, 43, 12, 10, 17, 1
2014/9/11, 33, 10, 8, 15, 
2014/9/12, 20, 8, 8, 14, 
2014/9/13, 17, 11, 19, 15, 1
2014/9/14, 28, 27, 24, 16, 1
2014/9/15, 64, 26, 15, 10, 
2014/9/16, 35, 30, 15, 18, 
2014/9/17, 55, 27, 14, 23, 4
2014/9/18, 61, 51, 69, 47, 13
2014/9/19, 118, 40, 43, 27, 4
2014/9/20, 94, 31, 29, 19, 2
2014/9/21, 71, 38, 37, 22, 4
2014/9/22, 90, 39, 26, 28, 3
2014/9/23, 95, 44, 76, 28, 8
2014/9/24, 109, 48, 66, 25, 7
2014/9/25, 123, 22, 25, 20, 1
2014/9/26, 67, 16, 15, 17, 1
2014/9/27, 50, 20, 25, 17, 2
2014/9/28, 61, 21, 27, 20, 4
2014/9/29, 62, 40, 69, 35, 9
2014/9/30, 97, 28, 33, 19, 1
2014/4/1, 61, 21, 16, 29, 
2014/4/2, 62, 12, 16, 30, 
2014/4/3, 38, 36, 29, 28, 1
2014/4/4, 84, 53, 45, 24, 2
2014/4/5, 117, 50, 32, 21, 1
2014/4/6, 123, 43, 34, 23, 1
2014/4/7, 93, 24, 24, 32, 1
2014/4/8, 62, 22, 19, 27, 1
2014/4/9, 39, 36, 28, 24, 1
2014/6/5, 24, 12, 13, 22, 2
2014/6/6, 27, 12, 19, 30, 3
2014/6/7, 35, 46, 109, 33, 11
2014/6/8, 112, 17, 25, 22, 1
2014/6/9, 51, 27, 36, 20, 1
2014/6/10, 68, 21, 23, 22, 2
2014/6/11, 55, 38, 42, 22, 3
2014/6/12, 79, 51, 55, 26, 3
2014/6/13, 102, 40, 56, 23, 2
2014/6/14, 90, 33, 42, 28, 8
2014/6/15, 87, 33, 31, 18, 2
2014/6/16, 87, 17, 19, 9, 1
2014/6/17, 41, 17, 17, 11, 2
2014/6/18, 40, 13, 16, 12, 1
2014/6/19, 32, 17, 17, 13, 1
2014/6/20, 39, 18, 16, 20, 2
2014/6/21, 41, 9, 15, 20, 2
2014/6/22, 24, 15, 11, 21, 4
2014/6/23, 37, 15, 11, 19, 1
2014/6/24, 33, 17, 12, 21, 3
2014/6/25, 40, 23, 15, 12, 2
2014/6/26, 48, 16, 14, 12, 2
2014/6/27, 40, 14, 13, 15, 2
2014/6/28, 38, 12, 10, 13, 1
2014/6/29, 33, 13, 11, 18, 
2014/6/30, 24, 15, 14, 16, 1
2014/1/1, 139, 57, 23, 38, 5
2014/1/2, 118, 67, 17, 68, 11
2014/1/3, 132, 79, 42, 35, 13
2014/1/4, 164, 82, 46, 26, 12
2014/1/5, 165, 79, 43, 27, 9
2014/1/6, 159, 51, 26, 28, 3
2014/1/7, 94, 51, 11, 37, 3
2014/1/8, 103, 44, 15, 24, 3
2014/1/9, 107, 53, 22, 21, 3
2014/1/10, 112, 47, 22, 23, 3
2014/1/11, 99, 50, 38, 26, 5
2014/1/12, 115, 37, 13, 23, 2
2014/1/13, 83, 36, 20, 21, 2
2014/1/14, 90, 36, 27, 22, 2
2014/1/15, 89, 50, 27, 23, 3
2014/1/16, 91, 51, 20, 39, 5
2014/1/17, 112, 56, 31, 29, 6
2014/1/18, 134, 68, 38, 23, 6
2014/1/19, 151, 67, 37, 43, 7
2014/1/20, 152, 70, 36, 21, 9
2014/1/21, 139, 72, 27, 34, 8
2014/1/22, 145, 56, 26, 30, 4
2014/1/23, 108, 35, 22, 28, 1
2014/1/24, 74, 27, 23, 29, 
2014/1/25, 61, 41, 38, 26, 1
2014/1/26, 91, 56, 31, 25, 2
2014/1/27, 109, 46, 22, 26, 2
2014/1/28, 83, 33, 24, 31, 2
2014/1/29, 70, 36, 22, 38, 3
2014/1/30, 83, 47, 32, 43, 4
2014/1/31, 115, 36, 22, 23, 1
2014/2/1, 87, 26, 18, 24, 3
2014/2/2, 69, 33, 15, 37, 14
2014/2/3, 83, 43, 22, 25, 2
2014/2/4, 92, 21, 19, 19, 
2014/2/5, 55, 11, 11, 22, 
2014/2/6, 37, 21, 11, 28, 1
2014/2/7, 62, 26, 8, 20, 2
2014/2/8, 71, 15, 13, 16, 
2014/2/9, 46, 18, 8, 18, 1
2014/2/10, 60, 37, 9, 21, 2
2014/2/11, 97, 45, 11, 20, 
2014/2/12, 100, 18, 7, 23, 
2014/2/13, 54, 36, 13, 24, 2
2014/2/14, 91, 37, 20, 22, 1
2014/2/15, 89, 48, 20, 22, 1
2014/2/16, 92, 47, 10, 32, 
2014/2/17, 95, 34, 4, 35, 5
2014/2/18, 81, 10, 10, 21, 
2014/2/19, 31, 24, 17, 27, 1
2014/2/20, 57, 46, 31, 23, 2
2014/2/21, 84, 45, 34, 19, 2
2014/2/22, 87, 37, 32, 17, 2
2014/2/23, 80, 30, 22, 23, 1
2014/2/24, 66, 39, 19, 28, 
2014/2/25, 85, 30, 16, 30, 1
2014/2/26, 74, 31, 17, 26, 1
2014/2/27, 77, 33, 24, 25, 
2014/2/28, 71, 43, 14, 29, 1
2014/3/1, 87, 23, 26, 25, 
2014/3/2, 63, 30, 24, 21, 
2014/3/3, 67, 49, 24, 30, 1
2014/3/4, 101, 35, 29, 27, 1
2014/3/5, 86, 46, 29, 23, 
2014/3/6, 88, 32, 17, 20, 1
2014/3/7, 71, 32, 15, 23, 
2014/3/8, 76, 13, 7, 17, 
2014/3/9, 38, 31, 23, 19, 1
2014/3/10, 74, 56, 26, 25, 3
2014/3/11, 123, 63, 16, 37, 1
2014/3/12, 136, 37, 15, 41, 1
2014/3/13, 92, 51, 22, 25, 3
2014/3/14, 117, 61, 20, 24, 5
2014/3/15, 137, 66, 32, 26, 7
2014/3/16, 131, 50, 20, 32, 1
2014/3/17, 109, 45, 13, 28, 1
2014/3/18, 100, 39, 6, 37, 1
2014/3/19, 97, 46, 17, 39, 9
2014/3/20, 107, 42, 14, 17, 2
2014/3/21, 90, 52, 31, 21, 3
2014/3/22, 105, 38, 33, 17, 1
2014/3/23, 73, 38, 22, 25, 2
2014/3/24, 75, 36, 22, 31, 2
2014/3/25, 78, 28, 18, 27, 2
2014/3/26, 68, 26, 8, 31, 6
2014/3/27, 69, 40, 11, 32, 
2014/3/28, 106, 31, 5, 39, 3
2014/3/29, 83, 24, 19, 29, 2
2014/3/30, 67, 16, 22, 34, 1
2014/3/31, 46, 21, 11, 29, 
2020/3/31, , 21, 30, 16, 
2020/4/16, , 29, 29, 17, 
2019/12/31, , 30, 36, 11, 
2019/5/1, , 48, 39, 16, 
2018/12/31, , 31, 12, 18, 
2018/7/2, , 24, 26, 7, 1
2018/9/3, , 12, 11, 15, 2
2018/5/10, , 54, 37, 20, 1
2018/5/27, , 28, 78, 28, 6
2017/9/10, , 16, 22, 17, 3
2017/4/5, , 38, 30, 26, 2
2017/1/1, , 34, 35, 30, 2
2016/12/30, , 47, 38, 24, 3
2016/1/25, , 45, 18, 33, 2
2016/1/26, , 18, 13, 27, 
2016/1/27, , 15, 15, 28, 
2016/1/28, , 6, 11, 24, 
2016/1/29, , 16, 21, 22, 1
2016/1/30, , 26, 24, 15, 1
2016/1/31, , 16, 10, 20, 1
2016/2/1, , 12, 4, 23, 
2016/2/21, , 59, 24, 27, 1
2016/1/2, , 19, 14, 27, 
2015/4/29, , 19, 14, 21, 4
2014/12/31, , 54, 33, 27, 7
2014/7/6, , 28, 11, 35, 6
2014/4/10, , 36, 26, 27, 2
2014/4/11, , 37, 24, 25, 3
2014/4/12, , 42, 8, 39, 15
2014/4/13, , 37, 27, 32, 4
2014/4/14, , 47, 39, 23, 2
2014/4/15, , 55, 34, 26, 3
2014/4/16, , 41, 23, 23, 2
2014/4/17, , 25, 17, 23, 3
2014/4/18, , 25, 16, 21, 3
2014/4/19, , 29, 4, 30, 11
2014/4/20, , 41, 21, 22, 2
2014/4/21, , 39, 20, 25, 2
2014/4/22, , 35, 26, 28, 2
2014/4/23, , 42, 33, 28, 
2014/4/24, , 38, 29, 29, 
2014/4/25, , 22, 22, 31, 1
2014/4/26, , 31, 63, 38, 6
2014/4/27, , 31, 36, 28, 2
2014/4/28, , 39, 42, 25, 2
2014/4/29, , 51, 41, 26, 1
2014/4/30, , 32, 35, 21, 
2014/5/1, , 19, 32, 22, 1
2014/5/2, , 36, 40, 21, 1
2014/5/3, , 44, 37, 21, 
2014/5/4, , 18, 21, 26, 
2014/5/5, , 31, 28, 20, 1
2014/5/6, , 24, 35, 27, 
2014/5/7, , 16, 17, 31, 1
2014/5/8, , 8, 21, 31, 
2014/5/9, , 13, 18, 29, 
2014/5/10, , 19, 14, 27, 1
2014/5/11, , 18, 17, 32, 2
2014/5/12, , 17, 14, 19, 
2014/5/13, , 15, 13, 9, 
2014/5/14, , 19, 15, 11, 
2014/5/15, , 19, 14, 15, 1
2014/5/16, , 11, 11, 12, 
2014/5/17, , 10, 12, 10, 1
2014/5/18, , 10, 12, 11, 1
2014/5/19, , 13, 11, 22, 2
2014/5/20, , 12, 14, 22, 2
2014/5/21, , 15, 15, 10, 
2014/5/22, , 16, 14, 21, 1
2014/5/23, , 17, 12, 20, 2
2014/5/24, , 9, 13, 12, 2
2014/5/25, , 8, 16, 13, 8
2014/5/26, , 12, 25, 19, 7
2014/5/27, , 13, 14, 14, 6
2014/5/28, , 13, 14, 10, 1
2014/5/29, , 12, 12, 10, 2
2014/5/30, , 11, 14, 11, 2
2014/5/31, , 10, 12, 9, 2
2014/6/1, , 10, 14, 9, 2
2014/6/2, , 13, 11, 11, 2
2014/6/3, , 12, 10, 11, 2
2014/6/4, , 12, 11, 20, 1
2013/12/31, , 61, 37, 49, 12
2019/4/30, , , 35, 25, 1
2018/7/1, , , 25, 7, 2
2018/5/26, , , 18, 13, 2
2018/6/30, , , 25, 7, 2
2017/4/3, , , 53, 18, 2
2017/4/4, , , 46, 23, 2
2016/12/16, , , 34, 24, 3
2016/12/17, , , 38, 22, 2
2016/12/18, , , 37, 27, 2
2016/12/19, , , 34, 26, 3
2016/12/20, , , 27, 24, 1
2016/12/21, , , 32, 27, 1
2016/12/22, , , 37, 22, 1
2016/12/23, , , 39, 20, 2
2016/12/24, , , 34, 17, 2
2016/12/25, , , 31, 30, 3
2016/12/26, , , 26, 15, 1
2016/12/27, , , 26, 17, 2
2016/12/28, , , 32, 19, 3
2016/12/29, , , 31, 25, 3